This file contains any messages produced by compilers while
running configure, to aid debugging if configure makes a mistake.

It was created by Verilator configure 4.210 2021-07-07, which was
generated by GNU Autoconf 2.69.  Invocation command line was

  $ ./configure --prefix=/usr

## --------- ##
## Platform. ##
## --------- ##

hostname = fossee-HP-Pavilion-Laptop-14-ec1xxx
uname -m = x86_64
uname -r = 6.8.0-117-generic
uname -s = Linux
uname -v = #117-Ubuntu SMP PREEMPT_DYNAMIC Tue May  5 19:26:24 UTC 2026

/usr/bin/uname -p = x86_64
/bin/uname -X     = unknown

/bin/arch              = x86_64
/usr/bin/arch -k       = unknown
/usr/convex/getsysinfo = unknown
/usr/bin/hostinfo      = unknown
/bin/machine           = unknown
/usr/bin/oslevel       = unknown
/bin/universe          = unknown

PATH: /usr/local/sbin
PATH: /usr/local/bin
PATH: /usr/sbin
PATH: /usr/bin
PATH: /sbin
PATH: /bin
PATH: /usr/games
PATH: /usr/local/games
PATH: /snap/bin
PATH: /snap/bin


## ----------- ##
## Core tests. ##
## ----------- ##

configure:2174: result: configuring for Verilator 4.210 2021-07-07
configure:2202: checking whether to perform partial static linking of Verilator binary
configure:2215: result: yes
configure:2219: checking whether to use tcmalloc
configure:2232: result: check
configure:2236: checking whether to use -m32
configure:2249: result: no
configure:2253: checking whether to build for coverage collection
configure:2266: result: no
configure:2270: checking whether to use hardcoded paths
configure:2284: result: yes
configure:2288: checking whether to show and stop on compilation warnings
configure:2306: result: no
configure:2310: checking whether to run long tests
configure:2328: result: no
configure:2386: checking for gcc
configure:2402: found /usr/bin/gcc
configure:2413: result: gcc
configure:2642: checking for C compiler version
configure:2651: gcc --version >&5
gcc (Ubuntu 13.3.0-6ubuntu2~24.04.1) 13.3.0
Copyright (C) 2023 Free Software Foundation, Inc.
This is free software; see the source for copying conditions.  There is NO
warranty; not even for MERCHANTABILITY or FITNESS FOR A PARTICULAR PURPOSE.

configure:2662: $? = 0
configure:2651: gcc -v >&5
Using built-in specs.
COLLECT_GCC=gcc
COLLECT_LTO_WRAPPER=/usr/libexec/gcc/x86_64-linux-gnu/13/lto-wrapper
OFFLOAD_TARGET_NAMES=nvptx-none:amdgcn-amdhsa
OFFLOAD_TARGET_DEFAULT=1
Target: x86_64-linux-gnu
Configured with: ../src/configure -v --with-pkgversion='Ubuntu 13.3.0-6ubuntu2~24.04.1' --with-bugurl=file:///usr/share/doc/gcc-13/README.Bugs --enable-languages=c,ada,c++,go,d,fortran,objc,obj-c++,m2 --prefix=/usr --with-gcc-major-version-only --program-suffix=-13 --program-prefix=x86_64-linux-gnu- --enable-shared --enable-linker-build-id --libexecdir=/usr/libexec --without-included-gettext --enable-threads=posix --libdir=/usr/lib --enable-nls --enable-bootstrap --enable-clocale=gnu --enable-libstdcxx-debug --enable-libstdcxx-time=yes --with-default-libstdcxx-abi=new --enable-libstdcxx-backtrace --enable-gnu-unique-object --disable-vtable-verify --enable-plugin --enable-default-pie --with-system-zlib --enable-libphobos-checking=release --with-target-system-zlib=auto --enable-objc-gc=auto --enable-multiarch --disable-werror --enable-cet --with-arch-32=i686 --with-abi=m64 --with-multilib-list=m32,m64,mx32 --enable-multilib --with-tune=generic --enable-offload-targets=nvptx-none=/build/gcc-13-EldibY/gcc-13-13.3.0/debian/tmp-nvptx/usr,amdgcn-amdhsa=/build/gcc-13-EldibY/gcc-13-13.3.0/debian/tmp-gcn/usr --enable-offload-defaulted --without-cuda-driver --enable-checking=release --build=x86_64-linux-gnu --host=x86_64-linux-gnu --target=x86_64-linux-gnu --with-build-config=bootstrap-lto-lean --enable-link-serialization=2
Thread model: posix
Supported LTO compression algorithms: zlib zstd
gcc version 13.3.0 (Ubuntu 13.3.0-6ubuntu2~24.04.1) 
... rest of stderr output deleted ...
configure:2662: $? = 0
configure:2651: gcc -V >&5
gcc: error: unrecognized command-line option '-V'
gcc: fatal error: no input files
compilation terminated.
configure:2662: $? = 1
configure:2651: gcc -qversion >&5
gcc: error: unrecognized command-line option '-qversion'; did you mean '--version'?
gcc: fatal error: no input files
compilation terminated.
configure:2662: $? = 1
configure:2682: checking whether the C compiler works
configure:2704: gcc -g -O2 -fno-omit-frame-pointer -mno-omit-leaf-frame-pointer -ffile-prefix-map=/home/sumanto/Downloads/nghdl=. -flto=auto -ffat-lto-objects -fstack-protector-strong -fstack-clash-protection -Wformat -Werror=format-security -fcf-protection -fdebug-prefix-map=/home/sumanto/Downloads/nghdl=/usr/src/nghdl-1.0.0-1  -Wdate-time -D_FORTIFY_SOURCE=3  -Wl,-Bsymbolic-functions -flto=auto -ffat-lto-objects -Wl,-z,relro -Wl,-z,now  conftest.c  >&5
configure:2708: $? = 0
configure:2756: result: yes
configure:2759: checking for C compiler default output file name
configure:2761: result: a.out
configure:2767: checking for suffix of executables
configure:2774: gcc -o conftest -g -O2 -fno-omit-frame-pointer -mno-omit-leaf-frame-pointer -ffile-prefix-map=/home/sumanto/Downloads/nghdl=. -flto=auto -ffat-lto-objects -fstack-protector-strong -fstack-clash-protection -Wformat -Werror=format-security -fcf-protection -fdebug-prefix-map=/home/sumanto/Downloads/nghdl=/usr/src/nghdl-1.0.0-1  -Wdate-time -D_FORTIFY_SOURCE=3  -Wl,-Bsymbolic-functions -flto=auto -ffat-lto-objects -Wl,-z,relro -Wl,-z,now  conftest.c  >&5
configure:2778: $? = 0
configure:2800: result: 
configure:2822: checking whether we are cross compiling
configure:2830: gcc -o conftest -g -O2 -fno-omit-frame-pointer -mno-omit-leaf-frame-pointer -ffile-prefix-map=/home/sumanto/Downloads/nghdl=. -flto=auto -ffat-lto-objects -fstack-protector-strong -fstack-clash-protection -Wformat -Werror=format-security -fcf-protection -fdebug-prefix-map=/home/sumanto/Downloads/nghdl=/usr/src/nghdl-1.0.0-1  -Wdate-time -D_FORTIFY_SOURCE=3  -Wl,-Bsymbolic-functions -flto=auto -ffat-lto-objects -Wl,-z,relro -Wl,-z,now  conftest.c  >&5
configure:2834: $? = 0
configure:2841: ./conftest
configure:2845: $? = 0
configure:2860: result: no
configure:2865: checking for suffix of object files
configure:2887: gcc -c -g -O2 -fno-omit-frame-pointer -mno-omit-leaf-frame-pointer -ffile-prefix-map=/home/sumanto/Downloads/nghdl=. -flto=auto -ffat-lto-objects -fstack-protector-strong -fstack-clash-protection -Wformat -Werror=format-security -fcf-protection -fdebug-prefix-map=/home/sumanto/Downloads/nghdl=/usr/src/nghdl-1.0.0-1  -Wdate-time -D_FORTIFY_SOURCE=3  conftest.c >&5
configure:2891: $? = 0
configure:2912: result: o
configure:2916: checking whether we are using the GNU C compiler
configure:2935: gcc -c -g -O2 -fno-omit-frame-pointer -mno-omit-leaf-frame-pointer -ffile-prefix-map=/home/sumanto/Downloads/nghdl=. -flto=auto -ffat-lto-objects -fstack-protector-strong -fstack-clash-protection -Wformat -Werror=format-security -fcf-protection -fdebug-prefix-map=/home/sumanto/Downloads/nghdl=/usr/src/nghdl-1.0.0-1  -Wdate-time -D_FORTIFY_SOURCE=3  conftest.c >&5
configure:2935: $? = 0
configure:2944: result: yes
configure:2953: checking whether gcc accepts -g
configure:2973: gcc -c -g -Wdate-time -D_FORTIFY_SOURCE=3  conftest.c >&5
configure:2973: $? = 0
configure:3014: result: yes
configure:3031: checking for gcc option to accept ISO C89
configure:3094: gcc  -c -g -O2 -fno-omit-frame-pointer -mno-omit-leaf-frame-pointer -ffile-prefix-map=/home/sumanto/Downloads/nghdl=. -flto=auto -ffat-lto-objects -fstack-protector-strong -fstack-clash-protection -Wformat -Werror=format-security -fcf-protection -fdebug-prefix-map=/home/sumanto/Downloads/nghdl=/usr/src/nghdl-1.0.0-1  -Wdate-time -D_FORTIFY_SOURCE=3  conftest.c >&5
configure:3094: $? = 0
configure:3107: result: none needed
configure:3185: checking for g++
configure:3201: found /usr/bin/g++
configure:3212: result: g++
configure:3239: checking for C++ compiler version
configure:3248: g++ --version >&5
g++ (Ubuntu 13.3.0-6ubuntu2~24.04.1) 13.3.0
Copyright (C) 2023 Free Software Foundation, Inc.
This is free software; see the source for copying conditions.  There is NO
warranty; not even for MERCHANTABILITY or FITNESS FOR A PARTICULAR PURPOSE.

configure:3259: $? = 0
configure:3248: g++ -v >&5
Using built-in specs.
COLLECT_GCC=g++
COLLECT_LTO_WRAPPER=/usr/libexec/gcc/x86_64-linux-gnu/13/lto-wrapper
OFFLOAD_TARGET_NAMES=nvptx-none:amdgcn-amdhsa
OFFLOAD_TARGET_DEFAULT=1
Target: x86_64-linux-gnu
Configured with: ../src/configure -v --with-pkgversion='Ubuntu 13.3.0-6ubuntu2~24.04.1' --with-bugurl=file:///usr/share/doc/gcc-13/README.Bugs --enable-languages=c,ada,c++,go,d,fortran,objc,obj-c++,m2 --prefix=/usr --with-gcc-major-version-only --program-suffix=-13 --program-prefix=x86_64-linux-gnu- --enable-shared --enable-linker-build-id --libexecdir=/usr/libexec --without-included-gettext --enable-threads=posix --libdir=/usr/lib --enable-nls --enable-bootstrap --enable-clocale=gnu --enable-libstdcxx-debug --enable-libstdcxx-time=yes --with-default-libstdcxx-abi=new --enable-libstdcxx-backtrace --enable-gnu-unique-object --disable-vtable-verify --enable-plugin --enable-default-pie --with-system-zlib --enable-libphobos-checking=release --with-target-system-zlib=auto --enable-objc-gc=auto --enable-multiarch --disable-werror --enable-cet --with-arch-32=i686 --with-abi=m64 --with-multilib-list=m32,m64,mx32 --enable-multilib --with-tune=generic --enable-offload-targets=nvptx-none=/build/gcc-13-EldibY/gcc-13-13.3.0/debian/tmp-nvptx/usr,amdgcn-amdhsa=/build/gcc-13-EldibY/gcc-13-13.3.0/debian/tmp-gcn/usr --enable-offload-defaulted --without-cuda-driver --enable-checking=release --build=x86_64-linux-gnu --host=x86_64-linux-gnu --target=x86_64-linux-gnu --with-build-config=bootstrap-lto-lean --enable-link-serialization=2
Thread model: posix
Supported LTO compression algorithms: zlib zstd
gcc version 13.3.0 (Ubuntu 13.3.0-6ubuntu2~24.04.1) 
... rest of stderr output deleted ...
configure:3259: $? = 0
configure:3248: g++ -V >&5
g++: error: unrecognized command-line option '-V'
g++: fatal error: no input files
compilation terminated.
configure:3259: $? = 1
configure:3248: g++ -qversion >&5
g++: error: unrecognized command-line option '-qversion'; did you mean '--version'?
g++: fatal error: no input files
compilation terminated.
configure:3259: $? = 1
configure:3263: checking whether we are using the GNU C++ compiler
configure:3282: g++ -c -g -O2 -fno-omit-frame-pointer -mno-omit-leaf-frame-pointer -ffile-prefix-map=/home/sumanto/Downloads/nghdl=. -flto=auto -ffat-lto-objects -fstack-protector-strong -fstack-clash-protection -Wformat -Werror=format-security -fcf-protection -fdebug-prefix-map=/home/sumanto/Downloads/nghdl=/usr/src/nghdl-1.0.0-1  -Wdate-time -D_FORTIFY_SOURCE=3  conftest.cpp >&5
configure:3282: $? = 0
configure:3291: result: yes
configure:3300: checking whether g++ accepts -g
configure:3320: g++ -c -g -Wdate-time -D_FORTIFY_SOURCE=3  conftest.cpp >&5
configure:3320: $? = 0
configure:3361: result: yes
configure:3427: checking for a BSD-compatible install
configure:3495: result: /usr/bin/install -c
configure:3514: result: compiler is g++ --version = g++ (Ubuntu 13.3.0-6ubuntu2~24.04.1) 13.3.0
configure:3516: checking that C++ compiler can compile simple program
configure:3527: g++ -o conftest -g -O2 -fno-omit-frame-pointer -mno-omit-leaf-frame-pointer -ffile-prefix-map=/home/sumanto/Downloads/nghdl=. -flto=auto -ffat-lto-objects -fstack-protector-strong -fstack-clash-protection -Wformat -Werror=format-security -fcf-protection -fdebug-prefix-map=/home/sumanto/Downloads/nghdl=/usr/src/nghdl-1.0.0-1  -Wdate-time -D_FORTIFY_SOURCE=3  -Wl,-Bsymbolic-functions -flto=auto -ffat-lto-objects -Wl,-z,relro -Wl,-z,now  conftest.cpp  >&5
configure:3527: $? = 0
configure:3527: ./conftest
configure:3527: $? = 0
configure:3528: result: yes
configure:3541: checking for ar
configure:3557: found /usr/bin/ar
configure:3568: result: ar
configure:3582: checking for perl
configure:3600: found /usr/bin/perl
configure:3612: result: /usr/bin/perl
configure:3626: checking for python3
configure:3644: found /usr/bin/python3
configure:3656: result: /usr/bin/python3
configure:3670: checking for flex
configure:3688: found /usr/bin/flex
configure:3700: result: /usr/bin/flex
configure:3712: result: /usr/bin/flex --version = flex 2.6.4
configure:3717: checking for bison
configure:3735: found /usr/bin/bison
configure:3747: result: /usr/bin/bison
configure:3759: result: /usr/bin/bison --version = bison (GNU Bison) 3.8.2
configure:3764: checking for ccache
configure:3794: result: no
configure:3813: checking how to run the C++ preprocessor
configure:3840: g++ -E -Wdate-time -D_FORTIFY_SOURCE=3  conftest.cpp
configure:3840: $? = 0
configure:3854: g++ -E -Wdate-time -D_FORTIFY_SOURCE=3  conftest.cpp
conftest.cpp:10:10: fatal error: ac_nonexistent.h: No such file or directory
   10 | #include <ac_nonexistent.h>
      |          ^~~~~~~~~~~~~~~~~~
compilation terminated.
configure:3854: $? = 1
configure: failed program was:
| /* confdefs.h */
| #define PACKAGE_NAME "Verilator"
| #define PACKAGE_TARNAME "verilator"
| #define PACKAGE_VERSION "4.210 2021-07-07"
| #define PACKAGE_STRING "Verilator 4.210 2021-07-07"
| #define PACKAGE_BUGREPORT "https://verilator.org"
| #define PACKAGE_URL "https://verilator.org"
| #define PACKAGE_VERSION_NUMBER_STRING "4.210"
| /* end confdefs.h.  */
| #include <ac_nonexistent.h>
configure:3879: result: g++ -E
configure:3899: g++ -E -Wdate-time -D_FORTIFY_SOURCE=3  conftest.cpp
configure:3899: $? = 0
configure:3913: g++ -E -Wdate-time -D_FORTIFY_SOURCE=3  conftest.cpp
conftest.cpp:10:10: fatal error: ac_nonexistent.h: No such file or directory
   10 | #include <ac_nonexistent.h>
      |          ^~~~~~~~~~~~~~~~~~
compilation terminated.
configure:3913: $? = 1
configure: failed program was:
| /* confdefs.h */
| #define PACKAGE_NAME "Verilator"
| #define PACKAGE_TARNAME "verilator"
| #define PACKAGE_VERSION "4.210 2021-07-07"
| #define PACKAGE_STRING "Verilator 4.210 2021-07-07"
| #define PACKAGE_BUGREPORT "https://verilator.org"
| #define PACKAGE_URL "https://verilator.org"
| #define PACKAGE_VERSION_NUMBER_STRING "4.210"
| /* end confdefs.h.  */
| #include <ac_nonexistent.h>
configure:3942: checking for grep that handles long lines and -e
configure:4000: result: /usr/bin/grep
configure:4005: checking for egrep
configure:4067: result: /usr/bin/grep -E
configure:4072: checking for ANSI C header files
configure:4092: g++ -c -g -O2 -fno-omit-frame-pointer -mno-omit-leaf-frame-pointer -ffile-prefix-map=/home/sumanto/Downloads/nghdl=. -flto=auto -ffat-lto-objects -fstack-protector-strong -fstack-clash-protection -Wformat -Werror=format-security -fcf-protection -fdebug-prefix-map=/home/sumanto/Downloads/nghdl=/usr/src/nghdl-1.0.0-1  -Wdate-time -D_FORTIFY_SOURCE=3  conftest.cpp >&5
configure:4092: $? = 0
configure:4165: g++ -o conftest -g -O2 -fno-omit-frame-pointer -mno-omit-leaf-frame-pointer -ffile-prefix-map=/home/sumanto/Downloads/nghdl=. -flto=auto -ffat-lto-objects -fstack-protector-strong -fstack-clash-protection -Wformat -Werror=format-security -fcf-protection -fdebug-prefix-map=/home/sumanto/Downloads/nghdl=/usr/src/nghdl-1.0.0-1  -Wdate-time -D_FORTIFY_SOURCE=3  -Wl,-Bsymbolic-functions -flto=auto -ffat-lto-objects -Wl,-z,relro -Wl,-z,now  conftest.cpp  >&5
configure:4165: $? = 0
configure:4165: ./conftest
configure:4165: $? = 0
configure:4176: result: yes
configure:4189: checking for sys/types.h
configure:4189: g++ -c -g -O2 -fno-omit-frame-pointer -mno-omit-leaf-frame-pointer -ffile-prefix-map=/home/sumanto/Downloads/nghdl=. -flto=auto -ffat-lto-objects -fstack-protector-strong -fstack-clash-protection -Wformat -Werror=format-security -fcf-protection -fdebug-prefix-map=/home/sumanto/Downloads/nghdl=/usr/src/nghdl-1.0.0-1  -Wdate-time -D_FORTIFY_SOURCE=3  conftest.cpp >&5
configure:4189: $? = 0
configure:4189: result: yes
configure:4189: checking for sys/stat.h
configure:4189: g++ -c -g -O2 -fno-omit-frame-pointer -mno-omit-leaf-frame-pointer -ffile-prefix-map=/home/sumanto/Downloads/nghdl=. -flto=auto -ffat-lto-objects -fstack-protector-strong -fstack-clash-protection -Wformat -Werror=format-security -fcf-protection -fdebug-prefix-map=/home/sumanto/Downloads/nghdl=/usr/src/nghdl-1.0.0-1  -Wdate-time -D_FORTIFY_SOURCE=3  conftest.cpp >&5
configure:4189: $? = 0
configure:4189: result: yes
configure:4189: checking for stdlib.h
configure:4189: g++ -c -g -O2 -fno-omit-frame-pointer -mno-omit-leaf-frame-pointer -ffile-prefix-map=/home/sumanto/Downloads/nghdl=. -flto=auto -ffat-lto-objects -fstack-protector-strong -fstack-clash-protection -Wformat -Werror=format-security -fcf-protection -fdebug-prefix-map=/home/sumanto/Downloads/nghdl=/usr/src/nghdl-1.0.0-1  -Wdate-time -D_FORTIFY_SOURCE=3  conftest.cpp >&5
configure:4189: $? = 0
configure:4189: result: yes
configure:4189: checking for string.h
configure:4189: g++ -c -g -O2 -fno-omit-frame-pointer -mno-omit-leaf-frame-pointer -ffile-prefix-map=/home/sumanto/Downloads/nghdl=. -flto=auto -ffat-lto-objects -fstack-protector-strong -fstack-clash-protection -Wformat -Werror=format-security -fcf-protection -fdebug-prefix-map=/home/sumanto/Downloads/nghdl=/usr/src/nghdl-1.0.0-1  -Wdate-time -D_FORTIFY_SOURCE=3  conftest.cpp >&5
configure:4189: $? = 0
configure:4189: result: yes
configure:4189: checking for memory.h
configure:4189: g++ -c -g -O2 -fno-omit-frame-pointer -mno-omit-leaf-frame-pointer -ffile-prefix-map=/home/sumanto/Downloads/nghdl=. -flto=auto -ffat-lto-objects -fstack-protector-strong -fstack-clash-protection -Wformat -Werror=format-security -fcf-protection -fdebug-prefix-map=/home/sumanto/Downloads/nghdl=/usr/src/nghdl-1.0.0-1  -Wdate-time -D_FORTIFY_SOURCE=3  conftest.cpp >&5
configure:4189: $? = 0
configure:4189: result: yes
configure:4189: checking for strings.h
configure:4189: g++ -c -g -O2 -fno-omit-frame-pointer -mno-omit-leaf-frame-pointer -ffile-prefix-map=/home/sumanto/Downloads/nghdl=. -flto=auto -ffat-lto-objects -fstack-protector-strong -fstack-clash-protection -Wformat -Werror=format-security -fcf-protection -fdebug-prefix-map=/home/sumanto/Downloads/nghdl=/usr/src/nghdl-1.0.0-1  -Wdate-time -D_FORTIFY_SOURCE=3  conftest.cpp >&5
configure:4189: $? = 0
configure:4189: result: yes
configure:4189: checking for inttypes.h
configure:4189: g++ -c -g -O2 -fno-omit-frame-pointer -mno-omit-leaf-frame-pointer -ffile-prefix-map=/home/sumanto/Downloads/nghdl=. -flto=auto -ffat-lto-objects -fstack-protector-strong -fstack-clash-protection -Wformat -Werror=format-security -fcf-protection -fdebug-prefix-map=/home/sumanto/Downloads/nghdl=/usr/src/nghdl-1.0.0-1  -Wdate-time -D_FORTIFY_SOURCE=3  conftest.cpp >&5
configure:4189: $? = 0
configure:4189: result: yes
configure:4189: checking for stdint.h
configure:4189: g++ -c -g -O2 -fno-omit-frame-pointer -mno-omit-leaf-frame-pointer -ffile-prefix-map=/home/sumanto/Downloads/nghdl=. -flto=auto -ffat-lto-objects -fstack-protector-strong -fstack-clash-protection -Wformat -Werror=format-security -fcf-protection -fdebug-prefix-map=/home/sumanto/Downloads/nghdl=/usr/src/nghdl-1.0.0-1  -Wdate-time -D_FORTIFY_SOURCE=3  conftest.cpp >&5
configure:4189: $? = 0
configure:4189: result: yes
configure:4189: checking for unistd.h
configure:4189: g++ -c -g -O2 -fno-omit-frame-pointer -mno-omit-leaf-frame-pointer -ffile-prefix-map=/home/sumanto/Downloads/nghdl=. -flto=auto -ffat-lto-objects -fstack-protector-strong -fstack-clash-protection -Wformat -Werror=format-security -fcf-protection -fdebug-prefix-map=/home/sumanto/Downloads/nghdl=/usr/src/nghdl-1.0.0-1  -Wdate-time -D_FORTIFY_SOURCE=3  conftest.cpp >&5
configure:4189: $? = 0
configure:4189: result: yes
configure:4201: checking for size_t
configure:4201: g++ -c -g -O2 -fno-omit-frame-pointer -mno-omit-leaf-frame-pointer -ffile-prefix-map=/home/sumanto/Downloads/nghdl=. -flto=auto -ffat-lto-objects -fstack-protector-strong -fstack-clash-protection -Wformat -Werror=format-security -fcf-protection -fdebug-prefix-map=/home/sumanto/Downloads/nghdl=/usr/src/nghdl-1.0.0-1  -Wdate-time -D_FORTIFY_SOURCE=3  conftest.cpp >&5
configure:4201: $? = 0
configure:4201: g++ -c -g -O2 -fno-omit-frame-pointer -mno-omit-leaf-frame-pointer -ffile-prefix-map=/home/sumanto/Downloads/nghdl=. -flto=auto -ffat-lto-objects -fstack-protector-strong -fstack-clash-protection -Wformat -Werror=format-security -fcf-protection -fdebug-prefix-map=/home/sumanto/Downloads/nghdl=/usr/src/nghdl-1.0.0-1  -Wdate-time -D_FORTIFY_SOURCE=3  conftest.cpp >&5
conftest.cpp: In function 'int main()':
conftest.cpp:56:20: error: expected primary-expression before ')' token
   56 | if (sizeof ((size_t)))
      |                    ^
configure:4201: $? = 1
configure: failed program was:
| /* confdefs.h */
| #define PACKAGE_NAME "Verilator"
| #define PACKAGE_TARNAME "verilator"
| #define PACKAGE_VERSION "4.210 2021-07-07"
| #define PACKAGE_STRING "Verilator 4.210 2021-07-07"
| #define PACKAGE_BUGREPORT "https://verilator.org"
| #define PACKAGE_URL "https://verilator.org"
| #define PACKAGE_VERSION_NUMBER_STRING "4.210"
| #define STDC_HEADERS 1
| #define HAVE_SYS_TYPES_H 1
| #define HAVE_SYS_STAT_H 1
| #define HAVE_STDLIB_H 1
| #define HAVE_STRING_H 1
| #define HAVE_MEMORY_H 1
| #define HAVE_STRINGS_H 1
| #define HAVE_INTTYPES_H 1
| #define HAVE_STDINT_H 1
| #define HAVE_UNISTD_H 1
| /* end confdefs.h.  */
| #include <stdio.h>
| #ifdef HAVE_SYS_TYPES_H
| # include <sys/types.h>
| #endif
| #ifdef HAVE_SYS_STAT_H
| # include <sys/stat.h>
| #endif
| #ifdef STDC_HEADERS
| # include <stdlib.h>
| # include <stddef.h>
| #else
| # ifdef HAVE_STDLIB_H
| #  include <stdlib.h>
| # endif
| #endif
| #ifdef HAVE_STRING_H
| # if !defined STDC_HEADERS && defined HAVE_MEMORY_H
| #  include <memory.h>
| # endif
| # include <string.h>
| #endif
| #ifdef HAVE_STRINGS_H
| # include <strings.h>
| #endif
| #ifdef HAVE_INTTYPES_H
| # include <inttypes.h>
| #endif
| #ifdef HAVE_STDINT_H
| # include <stdint.h>
| #endif
| #ifdef HAVE_UNISTD_H
| # include <unistd.h>
| #endif
| int
| main ()
| {
| if (sizeof ((size_t)))
| 	    return 0;
|   ;
|   return 0;
| }
configure:4201: result: yes
configure:4212: checking for size_t
configure:4212: result: yes
configure:4225: checking for inline
configure:4241: g++ -c -g -O2 -fno-omit-frame-pointer -mno-omit-leaf-frame-pointer -ffile-prefix-map=/home/sumanto/Downloads/nghdl=. -flto=auto -ffat-lto-objects -fstack-protector-strong -fstack-clash-protection -Wformat -Werror=format-security -fcf-protection -fdebug-prefix-map=/home/sumanto/Downloads/nghdl=/usr/src/nghdl-1.0.0-1  -Wdate-time -D_FORTIFY_SOURCE=3  conftest.cpp >&5
configure:4241: $? = 0
configure:4249: result: inline
configure:4279: g++ -o conftest -g -O2 -fno-omit-frame-pointer -mno-omit-leaf-frame-pointer -ffile-prefix-map=/home/sumanto/Downloads/nghdl=. -flto=auto -ffat-lto-objects -fstack-protector-strong -fstack-clash-protection -Wformat -Werror=format-security -fcf-protection -fdebug-prefix-map=/home/sumanto/Downloads/nghdl=/usr/src/nghdl-1.0.0-1  -Wdate-time -D_FORTIFY_SOURCE=3  -Wl,-Bsymbolic-functions -flto=auto -ffat-lto-objects -Wl,-z,relro -Wl,-z,now  conftest.cpp  >&5
configure:4279: $? = 0
configure:4709: checking whether g++ accepts -pg
configure:4722: g++ -o conftest -g -O2 -fno-omit-frame-pointer -mno-omit-leaf-frame-pointer -ffile-prefix-map=/home/sumanto/Downloads/nghdl=. -flto=auto -ffat-lto-objects -fstack-protector-strong -fstack-clash-protection -Wformat -Werror=format-security -fcf-protection -fdebug-prefix-map=/home/sumanto/Downloads/nghdl=/usr/src/nghdl-1.0.0-1  -pg -Werror -Wdate-time -D_FORTIFY_SOURCE=3  -Wl,-Bsymbolic-functions -flto=auto -ffat-lto-objects -Wl,-z,relro -Wl,-z,now  conftest.cpp  >&5
configure:4722: $? = 0
configure:4749: g++ -c -g -O2 -fno-omit-frame-pointer -mno-omit-leaf-frame-pointer -ffile-prefix-map=/home/sumanto/Downloads/nghdl=. -flto=auto -ffat-lto-objects -fstack-protector-strong -fstack-clash-protection -Wformat -Werror=format-security -fcf-protection -fdebug-prefix-map=/home/sumanto/Downloads/nghdl=/usr/src/nghdl-1.0.0-1  -pg -Werror -Wdate-time -D_FORTIFY_SOURCE=3  conftest.cpp >&5
conftest.cpp:20:1: error: 'an_error' does not name a type
   20 | an_error "intentional-error-for-test.h"
      | ^~~~~~~~
configure:4749: $? = 1
configure: failed program was:
| /* confdefs.h */
| #define PACKAGE_NAME "Verilator"
| #define PACKAGE_TARNAME "verilator"
| #define PACKAGE_VERSION "4.210 2021-07-07"
| #define PACKAGE_STRING "Verilator 4.210 2021-07-07"
| #define PACKAGE_BUGREPORT "https://verilator.org"
| #define PACKAGE_URL "https://verilator.org"
| #define PACKAGE_VERSION_NUMBER_STRING "4.210"
| #define STDC_HEADERS 1
| #define HAVE_SYS_TYPES_H 1
| #define HAVE_SYS_STAT_H 1
| #define HAVE_STDLIB_H 1
| #define HAVE_STRING_H 1
| #define HAVE_MEMORY_H 1
| #define HAVE_STRINGS_H 1
| #define HAVE_INTTYPES_H 1
| #define HAVE_STDINT_H 1
| #define HAVE_UNISTD_H 1
| /* end confdefs.h.  */
| an_error "intentional-error-for-test.h"
| 
| int
| main ()
| {
| 
|   ;
|   return 0;
| }
configure:4760: result: yes
configure:4795: checking whether g++ accepts -std=gnu++14
configure:4808: g++ -o conftest -g -O2 -fno-omit-frame-pointer -mno-omit-leaf-frame-pointer -ffile-prefix-map=/home/sumanto/Downloads/nghdl=. -flto=auto -ffat-lto-objects -fstack-protector-strong -fstack-clash-protection -Wformat -Werror=format-security -fcf-protection -fdebug-prefix-map=/home/sumanto/Downloads/nghdl=/usr/src/nghdl-1.0.0-1  -std=gnu++14 -Werror -Wdate-time -D_FORTIFY_SOURCE=3  -Wl,-Bsymbolic-functions -flto=auto -ffat-lto-objects -Wl,-z,relro -Wl,-z,now  conftest.cpp  >&5
configure:4808: $? = 0
configure:4835: g++ -c -g -O2 -fno-omit-frame-pointer -mno-omit-leaf-frame-pointer -ffile-prefix-map=/home/sumanto/Downloads/nghdl=. -flto=auto -ffat-lto-objects -fstack-protector-strong -fstack-clash-protection -Wformat -Werror=format-security -fcf-protection -fdebug-prefix-map=/home/sumanto/Downloads/nghdl=/usr/src/nghdl-1.0.0-1  -std=gnu++14 -Werror -Wdate-time -D_FORTIFY_SOURCE=3  conftest.cpp >&5
conftest.cpp:20:1: error: 'an_error' does not name a type
   20 | an_error "intentional-error-for-test.h"
      | ^~~~~~~~
configure:4835: $? = 1
configure: failed program was:
| /* confdefs.h */
| #define PACKAGE_NAME "Verilator"
| #define PACKAGE_TARNAME "verilator"
| #define PACKAGE_VERSION "4.210 2021-07-07"
| #define PACKAGE_STRING "Verilator 4.210 2021-07-07"
| #define PACKAGE_BUGREPORT "https://verilator.org"
| #define PACKAGE_URL "https://verilator.org"
| #define PACKAGE_VERSION_NUMBER_STRING "4.210"
| #define STDC_HEADERS 1
| #define HAVE_SYS_TYPES_H 1
| #define HAVE_SYS_STAT_H 1
| #define HAVE_STDLIB_H 1
| #define HAVE_STRING_H 1
| #define HAVE_MEMORY_H 1
| #define HAVE_STRINGS_H 1
| #define HAVE_INTTYPES_H 1
| #define HAVE_STDINT_H 1
| #define HAVE_UNISTD_H 1
| /* end confdefs.h.  */
| an_error "intentional-error-for-test.h"
| 
| int
| main ()
| {
| 
|   ;
|   return 0;
| }
configure:4846: result: yes
configure:5268: checking whether g++ accepts -std=c++03
configure:5281: g++ -o conftest -g -O2 -fno-omit-frame-pointer -mno-omit-leaf-frame-pointer -ffile-prefix-map=/home/sumanto/Downloads/nghdl=. -flto=auto -ffat-lto-objects -fstack-protector-strong -fstack-clash-protection -Wformat -Werror=format-security -fcf-protection -fdebug-prefix-map=/home/sumanto/Downloads/nghdl=/usr/src/nghdl-1.0.0-1  -std=c++03 -Werror -Wdate-time -D_FORTIFY_SOURCE=3  -Wl,-Bsymbolic-functions -flto=auto -ffat-lto-objects -Wl,-z,relro -Wl,-z,now  conftest.cpp  >&5
configure:5281: $? = 0
configure:5308: g++ -c -g -O2 -fno-omit-frame-pointer -mno-omit-leaf-frame-pointer -ffile-prefix-map=/home/sumanto/Downloads/nghdl=. -flto=auto -ffat-lto-objects -fstack-protector-strong -fstack-clash-protection -Wformat -Werror=format-security -fcf-protection -fdebug-prefix-map=/home/sumanto/Downloads/nghdl=/usr/src/nghdl-1.0.0-1  -std=c++03 -Werror -Wdate-time -D_FORTIFY_SOURCE=3  conftest.cpp >&5
conftest.cpp:20:1: error: 'an_error' does not name a type
   20 | an_error "intentional-error-for-test.h"
      | ^~~~~~~~
configure:5308: $? = 1
configure: failed program was:
| /* confdefs.h */
| #define PACKAGE_NAME "Verilator"
| #define PACKAGE_TARNAME "verilator"
| #define PACKAGE_VERSION "4.210 2021-07-07"
| #define PACKAGE_STRING "Verilator 4.210 2021-07-07"
| #define PACKAGE_BUGREPORT "https://verilator.org"
| #define PACKAGE_URL "https://verilator.org"
| #define PACKAGE_VERSION_NUMBER_STRING "4.210"
| #define STDC_HEADERS 1
| #define HAVE_SYS_TYPES_H 1
| #define HAVE_SYS_STAT_H 1
| #define HAVE_STDLIB_H 1
| #define HAVE_STRING_H 1
| #define HAVE_MEMORY_H 1
| #define HAVE_STRINGS_H 1
| #define HAVE_INTTYPES_H 1
| #define HAVE_STDINT_H 1
| #define HAVE_UNISTD_H 1
| /* end confdefs.h.  */
| an_error "intentional-error-for-test.h"
| 
| int
| main ()
| {
| 
|   ;
|   return 0;
| }
configure:5319: result: yes
configure:5743: checking whether g++ accepts -Wextra
configure:5756: g++ -o conftest -g -O2 -fno-omit-frame-pointer -mno-omit-leaf-frame-pointer -ffile-prefix-map=/home/sumanto/Downloads/nghdl=. -flto=auto -ffat-lto-objects -fstack-protector-strong -fstack-clash-protection -Wformat -Werror=format-security -fcf-protection -fdebug-prefix-map=/home/sumanto/Downloads/nghdl=/usr/src/nghdl-1.0.0-1  -Wextra -Werror -Wdate-time -D_FORTIFY_SOURCE=3  -Wl,-Bsymbolic-functions -flto=auto -ffat-lto-objects -Wl,-z,relro -Wl,-z,now  conftest.cpp  >&5
configure:5756: $? = 0
configure:5783: g++ -c -g -O2 -fno-omit-frame-pointer -mno-omit-leaf-frame-pointer -ffile-prefix-map=/home/sumanto/Downloads/nghdl=. -flto=auto -ffat-lto-objects -fstack-protector-strong -fstack-clash-protection -Wformat -Werror=format-security -fcf-protection -fdebug-prefix-map=/home/sumanto/Downloads/nghdl=/usr/src/nghdl-1.0.0-1  -Wextra -Werror -Wdate-time -D_FORTIFY_SOURCE=3  conftest.cpp >&5
conftest.cpp:20:1: error: 'an_error' does not name a type
   20 | an_error "intentional-error-for-test.h"
      | ^~~~~~~~
configure:5783: $? = 1
configure: failed program was:
| /* confdefs.h */
| #define PACKAGE_NAME "Verilator"
| #define PACKAGE_TARNAME "verilator"
| #define PACKAGE_VERSION "4.210 2021-07-07"
| #define PACKAGE_STRING "Verilator 4.210 2021-07-07"
| #define PACKAGE_BUGREPORT "https://verilator.org"
| #define PACKAGE_URL "https://verilator.org"
| #define PACKAGE_VERSION_NUMBER_STRING "4.210"
| #define STDC_HEADERS 1
| #define HAVE_SYS_TYPES_H 1
| #define HAVE_SYS_STAT_H 1
| #define HAVE_STDLIB_H 1
| #define HAVE_STRING_H 1
| #define HAVE_MEMORY_H 1
| #define HAVE_STRINGS_H 1
| #define HAVE_INTTYPES_H 1
| #define HAVE_STDINT_H 1
| #define HAVE_UNISTD_H 1
| /* end confdefs.h.  */
| an_error "intentional-error-for-test.h"
| 
| int
| main ()
| {
| 
|   ;
|   return 0;
| }
configure:5794: result: yes
configure:5819: checking whether g++ accepts -Wfloat-conversion
configure:5832: g++ -o conftest -g -O2 -fno-omit-frame-pointer -mno-omit-leaf-frame-pointer -ffile-prefix-map=/home/sumanto/Downloads/nghdl=. -flto=auto -ffat-lto-objects -fstack-protector-strong -fstack-clash-protection -Wformat -Werror=format-security -fcf-protection -fdebug-prefix-map=/home/sumanto/Downloads/nghdl=/usr/src/nghdl-1.0.0-1  -Wfloat-conversion -Werror -Wdate-time -D_FORTIFY_SOURCE=3  -Wl,-Bsymbolic-functions -flto=auto -ffat-lto-objects -Wl,-z,relro -Wl,-z,now  conftest.cpp  >&5
configure:5832: $? = 0
configure:5859: g++ -c -g -O2 -fno-omit-frame-pointer -mno-omit-leaf-frame-pointer -ffile-prefix-map=/home/sumanto/Downloads/nghdl=. -flto=auto -ffat-lto-objects -fstack-protector-strong -fstack-clash-protection -Wformat -Werror=format-security -fcf-protection -fdebug-prefix-map=/home/sumanto/Downloads/nghdl=/usr/src/nghdl-1.0.0-1  -Wfloat-conversion -Werror -Wdate-time -D_FORTIFY_SOURCE=3  conftest.cpp >&5
conftest.cpp:20:1: error: 'an_error' does not name a type
   20 | an_error "intentional-error-for-test.h"
      | ^~~~~~~~
configure:5859: $? = 1
configure: failed program was:
| /* confdefs.h */
| #define PACKAGE_NAME "Verilator"
| #define PACKAGE_TARNAME "verilator"
| #define PACKAGE_VERSION "4.210 2021-07-07"
| #define PACKAGE_STRING "Verilator 4.210 2021-07-07"
| #define PACKAGE_BUGREPORT "https://verilator.org"
| #define PACKAGE_URL "https://verilator.org"
| #define PACKAGE_VERSION_NUMBER_STRING "4.210"
| #define STDC_HEADERS 1
| #define HAVE_SYS_TYPES_H 1
| #define HAVE_SYS_STAT_H 1
| #define HAVE_STDLIB_H 1
| #define HAVE_STRING_H 1
| #define HAVE_MEMORY_H 1
| #define HAVE_STRINGS_H 1
| #define HAVE_INTTYPES_H 1
| #define HAVE_STDINT_H 1
| #define HAVE_UNISTD_H 1
| /* end confdefs.h.  */
| an_error "intentional-error-for-test.h"
| 
| int
| main ()
| {
| 
|   ;
|   return 0;
| }
configure:5870: result: yes
configure:5895: checking whether g++ accepts -Wlogical-op
configure:5908: g++ -o conftest -g -O2 -fno-omit-frame-pointer -mno-omit-leaf-frame-pointer -ffile-prefix-map=/home/sumanto/Downloads/nghdl=. -flto=auto -ffat-lto-objects -fstack-protector-strong -fstack-clash-protection -Wformat -Werror=format-security -fcf-protection -fdebug-prefix-map=/home/sumanto/Downloads/nghdl=/usr/src/nghdl-1.0.0-1  -Wlogical-op -Werror -Wdate-time -D_FORTIFY_SOURCE=3  -Wl,-Bsymbolic-functions -flto=auto -ffat-lto-objects -Wl,-z,relro -Wl,-z,now  conftest.cpp  >&5
configure:5908: $? = 0
configure:5935: g++ -c -g -O2 -fno-omit-frame-pointer -mno-omit-leaf-frame-pointer -ffile-prefix-map=/home/sumanto/Downloads/nghdl=. -flto=auto -ffat-lto-objects -fstack-protector-strong -fstack-clash-protection -Wformat -Werror=format-security -fcf-protection -fdebug-prefix-map=/home/sumanto/Downloads/nghdl=/usr/src/nghdl-1.0.0-1  -Wlogical-op -Werror -Wdate-time -D_FORTIFY_SOURCE=3  conftest.cpp >&5
conftest.cpp:20:1: error: 'an_error' does not name a type
   20 | an_error "intentional-error-for-test.h"
      | ^~~~~~~~
configure:5935: $? = 1
configure: failed program was:
| /* confdefs.h */
| #define PACKAGE_NAME "Verilator"
| #define PACKAGE_TARNAME "verilator"
| #define PACKAGE_VERSION "4.210 2021-07-07"
| #define PACKAGE_STRING "Verilator 4.210 2021-07-07"
| #define PACKAGE_BUGREPORT "https://verilator.org"
| #define PACKAGE_URL "https://verilator.org"
| #define PACKAGE_VERSION_NUMBER_STRING "4.210"
| #define STDC_HEADERS 1
| #define HAVE_SYS_TYPES_H 1
| #define HAVE_SYS_STAT_H 1
| #define HAVE_STDLIB_H 1
| #define HAVE_STRING_H 1
| #define HAVE_MEMORY_H 1
| #define HAVE_STRINGS_H 1
| #define HAVE_INTTYPES_H 1
| #define HAVE_STDINT_H 1
| #define HAVE_UNISTD_H 1
| /* end confdefs.h.  */
| an_error "intentional-error-for-test.h"
| 
| int
| main ()
| {
| 
|   ;
|   return 0;
| }
configure:5946: result: yes
configure:5971: checking whether g++ accepts -Wthread-safety
configure:5984: g++ -o conftest -g -O2 -fno-omit-frame-pointer -mno-omit-leaf-frame-pointer -ffile-prefix-map=/home/sumanto/Downloads/nghdl=. -flto=auto -ffat-lto-objects -fstack-protector-strong -fstack-clash-protection -Wformat -Werror=format-security -fcf-protection -fdebug-prefix-map=/home/sumanto/Downloads/nghdl=/usr/src/nghdl-1.0.0-1  -Wthread-safety -Werror -Wdate-time -D_FORTIFY_SOURCE=3  -Wl,-Bsymbolic-functions -flto=auto -ffat-lto-objects -Wl,-z,relro -Wl,-z,now  conftest.cpp  >&5
g++: error: unrecognized command-line option '-Wthread-safety'
configure:5984: $? = 1
configure: failed program was:
| /* confdefs.h */
| #define PACKAGE_NAME "Verilator"
| #define PACKAGE_TARNAME "verilator"
| #define PACKAGE_VERSION "4.210 2021-07-07"
| #define PACKAGE_STRING "Verilator 4.210 2021-07-07"
| #define PACKAGE_BUGREPORT "https://verilator.org"
| #define PACKAGE_URL "https://verilator.org"
| #define PACKAGE_VERSION_NUMBER_STRING "4.210"
| #define STDC_HEADERS 1
| #define HAVE_SYS_TYPES_H 1
| #define HAVE_SYS_STAT_H 1
| #define HAVE_STDLIB_H 1
| #define HAVE_STRING_H 1
| #define HAVE_MEMORY_H 1
| #define HAVE_STRINGS_H 1
| #define HAVE_INTTYPES_H 1
| #define HAVE_STDINT_H 1
| #define HAVE_UNISTD_H 1
| /* end confdefs.h.  */
| #include <new>
| int
| main ()
| {
| int* a=new int; delete a;
|   ;
|   return 0;
| }
configure:6011: g++ -c -g -O2 -fno-omit-frame-pointer -mno-omit-leaf-frame-pointer -ffile-prefix-map=/home/sumanto/Downloads/nghdl=. -flto=auto -ffat-lto-objects -fstack-protector-strong -fstack-clash-protection -Wformat -Werror=format-security -fcf-protection -fdebug-prefix-map=/home/sumanto/Downloads/nghdl=/usr/src/nghdl-1.0.0-1  -Wthread-safety -Werror -Wdate-time -D_FORTIFY_SOURCE=3  conftest.cpp >&5
g++: error: unrecognized command-line option '-Wthread-safety'
configure:6011: $? = 1
configure: failed program was:
| /* confdefs.h */
| #define PACKAGE_NAME "Verilator"
| #define PACKAGE_TARNAME "verilator"
| #define PACKAGE_VERSION "4.210 2021-07-07"
| #define PACKAGE_STRING "Verilator 4.210 2021-07-07"
| #define PACKAGE_BUGREPORT "https://verilator.org"
| #define PACKAGE_URL "https://verilator.org"
| #define PACKAGE_VERSION_NUMBER_STRING "4.210"
| #define STDC_HEADERS 1
| #define HAVE_SYS_TYPES_H 1
| #define HAVE_SYS_STAT_H 1
| #define HAVE_STDLIB_H 1
| #define HAVE_STRING_H 1
| #define HAVE_MEMORY_H 1
| #define HAVE_STRINGS_H 1
| #define HAVE_INTTYPES_H 1
| #define HAVE_STDINT_H 1
| #define HAVE_UNISTD_H 1
| /* end confdefs.h.  */
| an_error "intentional-error-for-test.h"
| 
| int
| main ()
| {
| 
|   ;
|   return 0;
| }
configure:6022: result: no
configure:6050: checking whether g++ accepts -Qunused-arguments
configure:6063: g++ -o conftest -g -O2 -fno-omit-frame-pointer -mno-omit-leaf-frame-pointer -ffile-prefix-map=/home/sumanto/Downloads/nghdl=. -flto=auto -ffat-lto-objects -fstack-protector-strong -fstack-clash-protection -Wformat -Werror=format-security -fcf-protection -fdebug-prefix-map=/home/sumanto/Downloads/nghdl=/usr/src/nghdl-1.0.0-1  -Qunused-arguments -Werror -Wdate-time -D_FORTIFY_SOURCE=3  -Wl,-Bsymbolic-functions -flto=auto -ffat-lto-objects -Wl,-z,relro -Wl,-z,now  conftest.cpp  >&5
g++: error: unrecognized command-line option '-Qunused-arguments'
configure:6063: $? = 1
configure: failed program was:
| /* confdefs.h */
| #define PACKAGE_NAME "Verilator"
| #define PACKAGE_TARNAME "verilator"
| #define PACKAGE_VERSION "4.210 2021-07-07"
| #define PACKAGE_STRING "Verilator 4.210 2021-07-07"
| #define PACKAGE_BUGREPORT "https://verilator.org"
| #define PACKAGE_URL "https://verilator.org"
| #define PACKAGE_VERSION_NUMBER_STRING "4.210"
| #define STDC_HEADERS 1
| #define HAVE_SYS_TYPES_H 1
| #define HAVE_SYS_STAT_H 1
| #define HAVE_STDLIB_H 1
| #define HAVE_STRING_H 1
| #define HAVE_MEMORY_H 1
| #define HAVE_STRINGS_H 1
| #define HAVE_INTTYPES_H 1
| #define HAVE_STDINT_H 1
| #define HAVE_UNISTD_H 1
| /* end confdefs.h.  */
| #include <new>
| int
| main ()
| {
| int* a=new int; delete a;
|   ;
|   return 0;
| }
configure:6090: g++ -c -g -O2 -fno-omit-frame-pointer -mno-omit-leaf-frame-pointer -ffile-prefix-map=/home/sumanto/Downloads/nghdl=. -flto=auto -ffat-lto-objects -fstack-protector-strong -fstack-clash-protection -Wformat -Werror=format-security -fcf-protection -fdebug-prefix-map=/home/sumanto/Downloads/nghdl=/usr/src/nghdl-1.0.0-1  -Qunused-arguments -Werror -Wdate-time -D_FORTIFY_SOURCE=3  conftest.cpp >&5
g++: error: unrecognized command-line option '-Qunused-arguments'
configure:6090: $? = 1
configure: failed program was:
| /* confdefs.h */
| #define PACKAGE_NAME "Verilator"
| #define PACKAGE_TARNAME "verilator"
| #define PACKAGE_VERSION "4.210 2021-07-07"
| #define PACKAGE_STRING "Verilator 4.210 2021-07-07"
| #define PACKAGE_BUGREPORT "https://verilator.org"
| #define PACKAGE_URL "https://verilator.org"
| #define PACKAGE_VERSION_NUMBER_STRING "4.210"
| #define STDC_HEADERS 1
| #define HAVE_SYS_TYPES_H 1
| #define HAVE_SYS_STAT_H 1
| #define HAVE_STDLIB_H 1
| #define HAVE_STRING_H 1
| #define HAVE_MEMORY_H 1
| #define HAVE_STRINGS_H 1
| #define HAVE_INTTYPES_H 1
| #define HAVE_STDINT_H 1
| #define HAVE_UNISTD_H 1
| /* end confdefs.h.  */
| an_error "intentional-error-for-test.h"
| 
| int
| main ()
| {
| 
|   ;
|   return 0;
| }
configure:6101: result: no
configure:6126: checking whether g++ accepts -faligned-new
configure:6139: g++ -o conftest -g -O2 -fno-omit-frame-pointer -mno-omit-leaf-frame-pointer -ffile-prefix-map=/home/sumanto/Downloads/nghdl=. -flto=auto -ffat-lto-objects -fstack-protector-strong -fstack-clash-protection -Wformat -Werror=format-security -fcf-protection -fdebug-prefix-map=/home/sumanto/Downloads/nghdl=/usr/src/nghdl-1.0.0-1  -faligned-new -Werror -Wdate-time -D_FORTIFY_SOURCE=3  -Wl,-Bsymbolic-functions -flto=auto -ffat-lto-objects -Wl,-z,relro -Wl,-z,now  conftest.cpp  >&5
configure:6139: $? = 0
configure:6166: g++ -c -g -O2 -fno-omit-frame-pointer -mno-omit-leaf-frame-pointer -ffile-prefix-map=/home/sumanto/Downloads/nghdl=. -flto=auto -ffat-lto-objects -fstack-protector-strong -fstack-clash-protection -Wformat -Werror=format-security -fcf-protection -fdebug-prefix-map=/home/sumanto/Downloads/nghdl=/usr/src/nghdl-1.0.0-1  -faligned-new -Werror -Wdate-time -D_FORTIFY_SOURCE=3  conftest.cpp >&5
conftest.cpp:20:1: error: 'an_error' does not name a type
   20 | an_error "intentional-error-for-test.h"
      | ^~~~~~~~
configure:6166: $? = 1
configure: failed program was:
| /* confdefs.h */
| #define PACKAGE_NAME "Verilator"
| #define PACKAGE_TARNAME "verilator"
| #define PACKAGE_VERSION "4.210 2021-07-07"
| #define PACKAGE_STRING "Verilator 4.210 2021-07-07"
| #define PACKAGE_BUGREPORT "https://verilator.org"
| #define PACKAGE_URL "https://verilator.org"
| #define PACKAGE_VERSION_NUMBER_STRING "4.210"
| #define STDC_HEADERS 1
| #define HAVE_SYS_TYPES_H 1
| #define HAVE_SYS_STAT_H 1
| #define HAVE_STDLIB_H 1
| #define HAVE_STRING_H 1
| #define HAVE_MEMORY_H 1
| #define HAVE_STRINGS_H 1
| #define HAVE_INTTYPES_H 1
| #define HAVE_STDINT_H 1
| #define HAVE_UNISTD_H 1
| /* end confdefs.h.  */
| an_error "intentional-error-for-test.h"
| 
| int
| main ()
| {
| 
|   ;
|   return 0;
| }
configure:6177: result: yes
configure:6202: checking whether g++ accepts -Wno-unused-parameter
configure:6215: g++ -o conftest -g -O2 -fno-omit-frame-pointer -mno-omit-leaf-frame-pointer -ffile-prefix-map=/home/sumanto/Downloads/nghdl=. -flto=auto -ffat-lto-objects -fstack-protector-strong -fstack-clash-protection -Wformat -Werror=format-security -fcf-protection -fdebug-prefix-map=/home/sumanto/Downloads/nghdl=/usr/src/nghdl-1.0.0-1  -Wno-unused-parameter -Werror -Wdate-time -D_FORTIFY_SOURCE=3  -Wl,-Bsymbolic-functions -flto=auto -ffat-lto-objects -Wl,-z,relro -Wl,-z,now  conftest.cpp  >&5
configure:6215: $? = 0
configure:6242: g++ -c -g -O2 -fno-omit-frame-pointer -mno-omit-leaf-frame-pointer -ffile-prefix-map=/home/sumanto/Downloads/nghdl=. -flto=auto -ffat-lto-objects -fstack-protector-strong -fstack-clash-protection -Wformat -Werror=format-security -fcf-protection -fdebug-prefix-map=/home/sumanto/Downloads/nghdl=/usr/src/nghdl-1.0.0-1  -Wno-unused-parameter -Werror -Wdate-time -D_FORTIFY_SOURCE=3  conftest.cpp >&5
conftest.cpp:20:1: error: 'an_error' does not name a type
   20 | an_error "intentional-error-for-test.h"
      | ^~~~~~~~
configure:6242: $? = 1
configure: failed program was:
| /* confdefs.h */
| #define PACKAGE_NAME "Verilator"
| #define PACKAGE_TARNAME "verilator"
| #define PACKAGE_VERSION "4.210 2021-07-07"
| #define PACKAGE_STRING "Verilator 4.210 2021-07-07"
| #define PACKAGE_BUGREPORT "https://verilator.org"
| #define PACKAGE_URL "https://verilator.org"
| #define PACKAGE_VERSION_NUMBER_STRING "4.210"
| #define STDC_HEADERS 1
| #define HAVE_SYS_TYPES_H 1
| #define HAVE_SYS_STAT_H 1
| #define HAVE_STDLIB_H 1
| #define HAVE_STRING_H 1
| #define HAVE_MEMORY_H 1
| #define HAVE_STRINGS_H 1
| #define HAVE_INTTYPES_H 1
| #define HAVE_STDINT_H 1
| #define HAVE_UNISTD_H 1
| /* end confdefs.h.  */
| an_error "intentional-error-for-test.h"
| 
| int
| main ()
| {
| 
|   ;
|   return 0;
| }
configure:6253: result: yes
configure:6278: checking whether g++ accepts -Wno-shadow
configure:6291: g++ -o conftest -g -O2 -fno-omit-frame-pointer -mno-omit-leaf-frame-pointer -ffile-prefix-map=/home/sumanto/Downloads/nghdl=. -flto=auto -ffat-lto-objects -fstack-protector-strong -fstack-clash-protection -Wformat -Werror=format-security -fcf-protection -fdebug-prefix-map=/home/sumanto/Downloads/nghdl=/usr/src/nghdl-1.0.0-1  -Wno-shadow -Werror -Wdate-time -D_FORTIFY_SOURCE=3  -Wl,-Bsymbolic-functions -flto=auto -ffat-lto-objects -Wl,-z,relro -Wl,-z,now  conftest.cpp  >&5
configure:6291: $? = 0
configure:6318: g++ -c -g -O2 -fno-omit-frame-pointer -mno-omit-leaf-frame-pointer -ffile-prefix-map=/home/sumanto/Downloads/nghdl=. -flto=auto -ffat-lto-objects -fstack-protector-strong -fstack-clash-protection -Wformat -Werror=format-security -fcf-protection -fdebug-prefix-map=/home/sumanto/Downloads/nghdl=/usr/src/nghdl-1.0.0-1  -Wno-shadow -Werror -Wdate-time -D_FORTIFY_SOURCE=3  conftest.cpp >&5
conftest.cpp:20:1: error: 'an_error' does not name a type
   20 | an_error "intentional-error-for-test.h"
      | ^~~~~~~~
configure:6318: $? = 1
configure: failed program was:
| /* confdefs.h */
| #define PACKAGE_NAME "Verilator"
| #define PACKAGE_TARNAME "verilator"
| #define PACKAGE_VERSION "4.210 2021-07-07"
| #define PACKAGE_STRING "Verilator 4.210 2021-07-07"
| #define PACKAGE_BUGREPORT "https://verilator.org"
| #define PACKAGE_URL "https://verilator.org"
| #define PACKAGE_VERSION_NUMBER_STRING "4.210"
| #define STDC_HEADERS 1
| #define HAVE_SYS_TYPES_H 1
| #define HAVE_SYS_STAT_H 1
| #define HAVE_STDLIB_H 1
| #define HAVE_STRING_H 1
| #define HAVE_MEMORY_H 1
| #define HAVE_STRINGS_H 1
| #define HAVE_INTTYPES_H 1
| #define HAVE_STDINT_H 1
| #define HAVE_UNISTD_H 1
| /* end confdefs.h.  */
| an_error "intentional-error-for-test.h"
| 
| int
| main ()
| {
| 
|   ;
|   return 0;
| }
configure:6329: result: yes
configure:6357: checking whether g++ accepts -Wno-char-subscripts
configure:6370: g++ -o conftest -g -O2 -fno-omit-frame-pointer -mno-omit-leaf-frame-pointer -ffile-prefix-map=/home/sumanto/Downloads/nghdl=. -flto=auto -ffat-lto-objects -fstack-protector-strong -fstack-clash-protection -Wformat -Werror=format-security -fcf-protection -fdebug-prefix-map=/home/sumanto/Downloads/nghdl=/usr/src/nghdl-1.0.0-1  -Wno-char-subscripts -Werror -Wdate-time -D_FORTIFY_SOURCE=3  -Wl,-Bsymbolic-functions -flto=auto -ffat-lto-objects -Wl,-z,relro -Wl,-z,now  conftest.cpp  >&5
configure:6370: $? = 0
configure:6397: g++ -c -g -O2 -fno-omit-frame-pointer -mno-omit-leaf-frame-pointer -ffile-prefix-map=/home/sumanto/Downloads/nghdl=. -flto=auto -ffat-lto-objects -fstack-protector-strong -fstack-clash-protection -Wformat -Werror=format-security -fcf-protection -fdebug-prefix-map=/home/sumanto/Downloads/nghdl=/usr/src/nghdl-1.0.0-1  -Wno-char-subscripts -Werror -Wdate-time -D_FORTIFY_SOURCE=3  conftest.cpp >&5
conftest.cpp:20:1: error: 'an_error' does not name a type
   20 | an_error "intentional-error-for-test.h"
      | ^~~~~~~~
configure:6397: $? = 1
configure: failed program was:
| /* confdefs.h */
| #define PACKAGE_NAME "Verilator"
| #define PACKAGE_TARNAME "verilator"
| #define PACKAGE_VERSION "4.210 2021-07-07"
| #define PACKAGE_STRING "Verilator 4.210 2021-07-07"
| #define PACKAGE_BUGREPORT "https://verilator.org"
| #define PACKAGE_URL "https://verilator.org"
| #define PACKAGE_VERSION_NUMBER_STRING "4.210"
| #define STDC_HEADERS 1
| #define HAVE_SYS_TYPES_H 1
| #define HAVE_SYS_STAT_H 1
| #define HAVE_STDLIB_H 1
| #define HAVE_STRING_H 1
| #define HAVE_MEMORY_H 1
| #define HAVE_STRINGS_H 1
| #define HAVE_INTTYPES_H 1
| #define HAVE_STDINT_H 1
| #define HAVE_UNISTD_H 1
| /* end confdefs.h.  */
| an_error "intentional-error-for-test.h"
| 
| int
| main ()
| {
| 
|   ;
|   return 0;
| }
configure:6408: result: yes
configure:6433: checking whether g++ accepts -Wno-null-conversion
configure:6446: g++ -o conftest -g -O2 -fno-omit-frame-pointer -mno-omit-leaf-frame-pointer -ffile-prefix-map=/home/sumanto/Downloads/nghdl=. -flto=auto -ffat-lto-objects -fstack-protector-strong -fstack-clash-protection -Wformat -Werror=format-security -fcf-protection -fdebug-prefix-map=/home/sumanto/Downloads/nghdl=/usr/src/nghdl-1.0.0-1  -Wno-null-conversion -Werror -Wdate-time -D_FORTIFY_SOURCE=3  -Wl,-Bsymbolic-functions -flto=auto -ffat-lto-objects -Wl,-z,relro -Wl,-z,now  conftest.cpp  >&5
configure:6446: $? = 0
configure:6473: g++ -c -g -O2 -fno-omit-frame-pointer -mno-omit-leaf-frame-pointer -ffile-prefix-map=/home/sumanto/Downloads/nghdl=. -flto=auto -ffat-lto-objects -fstack-protector-strong -fstack-clash-protection -Wformat -Werror=format-security -fcf-protection -fdebug-prefix-map=/home/sumanto/Downloads/nghdl=/usr/src/nghdl-1.0.0-1  -Wno-null-conversion -Werror -Wdate-time -D_FORTIFY_SOURCE=3  conftest.cpp >&5
conftest.cpp:20:1: error: 'an_error' does not name a type
   20 | an_error "intentional-error-for-test.h"
      | ^~~~~~~~
cc1plus: note: unrecognized command-line option '-Wno-null-conversion' may have been intended to silence earlier diagnostics
configure:6473: $? = 1
configure: failed program was:
| /* confdefs.h */
| #define PACKAGE_NAME "Verilator"
| #define PACKAGE_TARNAME "verilator"
| #define PACKAGE_VERSION "4.210 2021-07-07"
| #define PACKAGE_STRING "Verilator 4.210 2021-07-07"
| #define PACKAGE_BUGREPORT "https://verilator.org"
| #define PACKAGE_URL "https://verilator.org"
| #define PACKAGE_VERSION_NUMBER_STRING "4.210"
| #define STDC_HEADERS 1
| #define HAVE_SYS_TYPES_H 1
| #define HAVE_SYS_STAT_H 1
| #define HAVE_STDLIB_H 1
| #define HAVE_STRING_H 1
| #define HAVE_MEMORY_H 1
| #define HAVE_STRINGS_H 1
| #define HAVE_INTTYPES_H 1
| #define HAVE_STDINT_H 1
| #define HAVE_UNISTD_H 1
| /* end confdefs.h.  */
| an_error "intentional-error-for-test.h"
| 
| int
| main ()
| {
| 
|   ;
|   return 0;
| }
configure:6484: result: no
configure:6509: checking whether g++ accepts -Wno-parentheses-equality
configure:6522: g++ -o conftest -g -O2 -fno-omit-frame-pointer -mno-omit-leaf-frame-pointer -ffile-prefix-map=/home/sumanto/Downloads/nghdl=. -flto=auto -ffat-lto-objects -fstack-protector-strong -fstack-clash-protection -Wformat -Werror=format-security -fcf-protection -fdebug-prefix-map=/home/sumanto/Downloads/nghdl=/usr/src/nghdl-1.0.0-1  -Wno-parentheses-equality -Werror -Wdate-time -D_FORTIFY_SOURCE=3  -Wl,-Bsymbolic-functions -flto=auto -ffat-lto-objects -Wl,-z,relro -Wl,-z,now  conftest.cpp  >&5
configure:6522: $? = 0
configure:6549: g++ -c -g -O2 -fno-omit-frame-pointer -mno-omit-leaf-frame-pointer -ffile-prefix-map=/home/sumanto/Downloads/nghdl=. -flto=auto -ffat-lto-objects -fstack-protector-strong -fstack-clash-protection -Wformat -Werror=format-security -fcf-protection -fdebug-prefix-map=/home/sumanto/Downloads/nghdl=/usr/src/nghdl-1.0.0-1  -Wno-parentheses-equality -Werror -Wdate-time -D_FORTIFY_SOURCE=3  conftest.cpp >&5
conftest.cpp:20:1: error: 'an_error' does not name a type
   20 | an_error "intentional-error-for-test.h"
      | ^~~~~~~~
cc1plus: note: unrecognized command-line option '-Wno-parentheses-equality' may have been intended to silence earlier diagnostics
configure:6549: $? = 1
configure: failed program was:
| /* confdefs.h */
| #define PACKAGE_NAME "Verilator"
| #define PACKAGE_TARNAME "verilator"
| #define PACKAGE_VERSION "4.210 2021-07-07"
| #define PACKAGE_STRING "Verilator 4.210 2021-07-07"
| #define PACKAGE_BUGREPORT "https://verilator.org"
| #define PACKAGE_URL "https://verilator.org"
| #define PACKAGE_VERSION_NUMBER_STRING "4.210"
| #define STDC_HEADERS 1
| #define HAVE_SYS_TYPES_H 1
| #define HAVE_SYS_STAT_H 1
| #define HAVE_STDLIB_H 1
| #define HAVE_STRING_H 1
| #define HAVE_MEMORY_H 1
| #define HAVE_STRINGS_H 1
| #define HAVE_INTTYPES_H 1
| #define HAVE_STDINT_H 1
| #define HAVE_UNISTD_H 1
| /* end confdefs.h.  */
| an_error "intentional-error-for-test.h"
| 
| int
| main ()
| {
| 
|   ;
|   return 0;
| }
configure:6560: result: no
configure:6585: checking whether g++ accepts -Wno-unused
configure:6598: g++ -o conftest -g -O2 -fno-omit-frame-pointer -mno-omit-leaf-frame-pointer -ffile-prefix-map=/home/sumanto/Downloads/nghdl=. -flto=auto -ffat-lto-objects -fstack-protector-strong -fstack-clash-protection -Wformat -Werror=format-security -fcf-protection -fdebug-prefix-map=/home/sumanto/Downloads/nghdl=/usr/src/nghdl-1.0.0-1  -Wno-unused -Werror -Wdate-time -D_FORTIFY_SOURCE=3  -Wl,-Bsymbolic-functions -flto=auto -ffat-lto-objects -Wl,-z,relro -Wl,-z,now  conftest.cpp  >&5
configure:6598: $? = 0
configure:6625: g++ -c -g -O2 -fno-omit-frame-pointer -mno-omit-leaf-frame-pointer -ffile-prefix-map=/home/sumanto/Downloads/nghdl=. -flto=auto -ffat-lto-objects -fstack-protector-strong -fstack-clash-protection -Wformat -Werror=format-security -fcf-protection -fdebug-prefix-map=/home/sumanto/Downloads/nghdl=/usr/src/nghdl-1.0.0-1  -Wno-unused -Werror -Wdate-time -D_FORTIFY_SOURCE=3  conftest.cpp >&5
conftest.cpp:20:1: error: 'an_error' does not name a type
   20 | an_error "intentional-error-for-test.h"
      | ^~~~~~~~
configure:6625: $? = 1
configure: failed program was:
| /* confdefs.h */
| #define PACKAGE_NAME "Verilator"
| #define PACKAGE_TARNAME "verilator"
| #define PACKAGE_VERSION "4.210 2021-07-07"
| #define PACKAGE_STRING "Verilator 4.210 2021-07-07"
| #define PACKAGE_BUGREPORT "https://verilator.org"
| #define PACKAGE_URL "https://verilator.org"
| #define PACKAGE_VERSION_NUMBER_STRING "4.210"
| #define STDC_HEADERS 1
| #define HAVE_SYS_TYPES_H 1
| #define HAVE_SYS_STAT_H 1
| #define HAVE_STDLIB_H 1
| #define HAVE_STRING_H 1
| #define HAVE_MEMORY_H 1
| #define HAVE_STRINGS_H 1
| #define HAVE_INTTYPES_H 1
| #define HAVE_STDINT_H 1
| #define HAVE_UNISTD_H 1
| /* end confdefs.h.  */
| an_error "intentional-error-for-test.h"
| 
| int
| main ()
| {
| 
|   ;
|   return 0;
| }
configure:6636: result: yes
configure:6665: checking whether g++ accepts -Og
configure:6678: g++ -o conftest -g -O2 -fno-omit-frame-pointer -mno-omit-leaf-frame-pointer -ffile-prefix-map=/home/sumanto/Downloads/nghdl=. -flto=auto -ffat-lto-objects -fstack-protector-strong -fstack-clash-protection -Wformat -Werror=format-security -fcf-protection -fdebug-prefix-map=/home/sumanto/Downloads/nghdl=/usr/src/nghdl-1.0.0-1  -Og -Werror -Wdate-time -D_FORTIFY_SOURCE=3  -Wl,-Bsymbolic-functions -flto=auto -ffat-lto-objects -Wl,-z,relro -Wl,-z,now  conftest.cpp  >&5
configure:6678: $? = 0
configure:6705: g++ -c -g -O2 -fno-omit-frame-pointer -mno-omit-leaf-frame-pointer -ffile-prefix-map=/home/sumanto/Downloads/nghdl=. -flto=auto -ffat-lto-objects -fstack-protector-strong -fstack-clash-protection -Wformat -Werror=format-security -fcf-protection -fdebug-prefix-map=/home/sumanto/Downloads/nghdl=/usr/src/nghdl-1.0.0-1  -Og -Werror -Wdate-time -D_FORTIFY_SOURCE=3  conftest.cpp >&5
conftest.cpp:20:1: error: 'an_error' does not name a type
   20 | an_error "intentional-error-for-test.h"
      | ^~~~~~~~
configure:6705: $? = 1
configure: failed program was:
| /* confdefs.h */
| #define PACKAGE_NAME "Verilator"
| #define PACKAGE_TARNAME "verilator"
| #define PACKAGE_VERSION "4.210 2021-07-07"
| #define PACKAGE_STRING "Verilator 4.210 2021-07-07"
| #define PACKAGE_BUGREPORT "https://verilator.org"
| #define PACKAGE_URL "https://verilator.org"
| #define PACKAGE_VERSION_NUMBER_STRING "4.210"
| #define STDC_HEADERS 1
| #define HAVE_SYS_TYPES_H 1
| #define HAVE_SYS_STAT_H 1
| #define HAVE_STDLIB_H 1
| #define HAVE_STRING_H 1
| #define HAVE_MEMORY_H 1
| #define HAVE_STRINGS_H 1
| #define HAVE_INTTYPES_H 1
| #define HAVE_STDINT_H 1
| #define HAVE_UNISTD_H 1
| /* end confdefs.h.  */
| an_error "intentional-error-for-test.h"
| 
| int
| main ()
| {
| 
|   ;
|   return 0;
| }
configure:6716: result: yes
configure:6742: checking whether g++ accepts -ggdb
configure:6755: g++ -o conftest -g -O2 -fno-omit-frame-pointer -mno-omit-leaf-frame-pointer -ffile-prefix-map=/home/sumanto/Downloads/nghdl=. -flto=auto -ffat-lto-objects -fstack-protector-strong -fstack-clash-protection -Wformat -Werror=format-security -fcf-protection -fdebug-prefix-map=/home/sumanto/Downloads/nghdl=/usr/src/nghdl-1.0.0-1  -ggdb -Werror -Wdate-time -D_FORTIFY_SOURCE=3  -Wl,-Bsymbolic-functions -flto=auto -ffat-lto-objects -Wl,-z,relro -Wl,-z,now  conftest.cpp  >&5
configure:6755: $? = 0
configure:6782: g++ -c -g -O2 -fno-omit-frame-pointer -mno-omit-leaf-frame-pointer -ffile-prefix-map=/home/sumanto/Downloads/nghdl=. -flto=auto -ffat-lto-objects -fstack-protector-strong -fstack-clash-protection -Wformat -Werror=format-security -fcf-protection -fdebug-prefix-map=/home/sumanto/Downloads/nghdl=/usr/src/nghdl-1.0.0-1  -ggdb -Werror -Wdate-time -D_FORTIFY_SOURCE=3  conftest.cpp >&5
conftest.cpp:20:1: error: 'an_error' does not name a type
   20 | an_error "intentional-error-for-test.h"
      | ^~~~~~~~
configure:6782: $? = 1
configure: failed program was:
| /* confdefs.h */
| #define PACKAGE_NAME "Verilator"
| #define PACKAGE_TARNAME "verilator"
| #define PACKAGE_VERSION "4.210 2021-07-07"
| #define PACKAGE_STRING "Verilator 4.210 2021-07-07"
| #define PACKAGE_BUGREPORT "https://verilator.org"
| #define PACKAGE_URL "https://verilator.org"
| #define PACKAGE_VERSION_NUMBER_STRING "4.210"
| #define STDC_HEADERS 1
| #define HAVE_SYS_TYPES_H 1
| #define HAVE_SYS_STAT_H 1
| #define HAVE_STDLIB_H 1
| #define HAVE_STRING_H 1
| #define HAVE_MEMORY_H 1
| #define HAVE_STRINGS_H 1
| #define HAVE_INTTYPES_H 1
| #define HAVE_STDINT_H 1
| #define HAVE_UNISTD_H 1
| /* end confdefs.h.  */
| an_error "intentional-error-for-test.h"
| 
| int
| main ()
| {
| 
|   ;
|   return 0;
| }
configure:6793: result: yes
configure:6818: checking whether g++ accepts -gz
configure:6831: g++ -o conftest -g -O2 -fno-omit-frame-pointer -mno-omit-leaf-frame-pointer -ffile-prefix-map=/home/sumanto/Downloads/nghdl=. -flto=auto -ffat-lto-objects -fstack-protector-strong -fstack-clash-protection -Wformat -Werror=format-security -fcf-protection -fdebug-prefix-map=/home/sumanto/Downloads/nghdl=/usr/src/nghdl-1.0.0-1  -gz -Werror -Wdate-time -D_FORTIFY_SOURCE=3  -Wl,-Bsymbolic-functions -flto=auto -ffat-lto-objects -Wl,-z,relro -Wl,-z,now  conftest.cpp  >&5
configure:6831: $? = 0
configure:6858: g++ -c -g -O2 -fno-omit-frame-pointer -mno-omit-leaf-frame-pointer -ffile-prefix-map=/home/sumanto/Downloads/nghdl=. -flto=auto -ffat-lto-objects -fstack-protector-strong -fstack-clash-protection -Wformat -Werror=format-security -fcf-protection -fdebug-prefix-map=/home/sumanto/Downloads/nghdl=/usr/src/nghdl-1.0.0-1  -gz -Werror -Wdate-time -D_FORTIFY_SOURCE=3  conftest.cpp >&5
conftest.cpp:20:1: error: 'an_error' does not name a type
   20 | an_error "intentional-error-for-test.h"
      | ^~~~~~~~
configure:6858: $? = 1
configure: failed program was:
| /* confdefs.h */
| #define PACKAGE_NAME "Verilator"
| #define PACKAGE_TARNAME "verilator"
| #define PACKAGE_VERSION "4.210 2021-07-07"
| #define PACKAGE_STRING "Verilator 4.210 2021-07-07"
| #define PACKAGE_BUGREPORT "https://verilator.org"
| #define PACKAGE_URL "https://verilator.org"
| #define PACKAGE_VERSION_NUMBER_STRING "4.210"
| #define STDC_HEADERS 1
| #define HAVE_SYS_TYPES_H 1
| #define HAVE_SYS_STAT_H 1
| #define HAVE_STDLIB_H 1
| #define HAVE_STRING_H 1
| #define HAVE_MEMORY_H 1
| #define HAVE_STRINGS_H 1
| #define HAVE_INTTYPES_H 1
| #define HAVE_STDINT_H 1
| #define HAVE_UNISTD_H 1
| /* end confdefs.h.  */
| an_error "intentional-error-for-test.h"
| 
| int
| main ()
| {
| 
|   ;
|   return 0;
| }
configure:6869: result: yes
configure:6894: checking whether g++ linker accepts -gz
configure:6907: g++ -o conftest -g -O2 -fno-omit-frame-pointer -mno-omit-leaf-frame-pointer -ffile-prefix-map=/home/sumanto/Downloads/nghdl=. -flto=auto -ffat-lto-objects -fstack-protector-strong -fstack-clash-protection -Wformat -Werror=format-security -fcf-protection -fdebug-prefix-map=/home/sumanto/Downloads/nghdl=/usr/src/nghdl-1.0.0-1  -Wdate-time -D_FORTIFY_SOURCE=3  -Wl,-Bsymbolic-functions -flto=auto -ffat-lto-objects -Wl,-z,relro -Wl,-z,now  conftest.cpp  -gz >&5
configure:6907: $? = 0
configure:6919: result: yes
configure:6955: checking whether g++ accepts -faligned-new
configure:6968: g++ -o conftest -g -O2 -fno-omit-frame-pointer -mno-omit-leaf-frame-pointer -ffile-prefix-map=/home/sumanto/Downloads/nghdl=. -flto=auto -ffat-lto-objects -fstack-protector-strong -fstack-clash-protection -Wformat -Werror=format-security -fcf-protection -fdebug-prefix-map=/home/sumanto/Downloads/nghdl=/usr/src/nghdl-1.0.0-1  -faligned-new -Werror -Wdate-time -D_FORTIFY_SOURCE=3  -Wl,-Bsymbolic-functions -flto=auto -ffat-lto-objects -Wl,-z,relro -Wl,-z,now  conftest.cpp  >&5
configure:6968: $? = 0
configure:6995: g++ -c -g -O2 -fno-omit-frame-pointer -mno-omit-leaf-frame-pointer -ffile-prefix-map=/home/sumanto/Downloads/nghdl=. -flto=auto -ffat-lto-objects -fstack-protector-strong -fstack-clash-protection -Wformat -Werror=format-security -fcf-protection -fdebug-prefix-map=/home/sumanto/Downloads/nghdl=/usr/src/nghdl-1.0.0-1  -faligned-new -Werror -Wdate-time -D_FORTIFY_SOURCE=3  conftest.cpp >&5
conftest.cpp:20:1: error: 'an_error' does not name a type
   20 | an_error "intentional-error-for-test.h"
      | ^~~~~~~~
configure:6995: $? = 1
configure: failed program was:
| /* confdefs.h */
| #define PACKAGE_NAME "Verilator"
| #define PACKAGE_TARNAME "verilator"
| #define PACKAGE_VERSION "4.210 2021-07-07"
| #define PACKAGE_STRING "Verilator 4.210 2021-07-07"
| #define PACKAGE_BUGREPORT "https://verilator.org"
| #define PACKAGE_URL "https://verilator.org"
| #define PACKAGE_VERSION_NUMBER_STRING "4.210"
| #define STDC_HEADERS 1
| #define HAVE_SYS_TYPES_H 1
| #define HAVE_SYS_STAT_H 1
| #define HAVE_STDLIB_H 1
| #define HAVE_STRING_H 1
| #define HAVE_MEMORY_H 1
| #define HAVE_STRINGS_H 1
| #define HAVE_INTTYPES_H 1
| #define HAVE_STDINT_H 1
| #define HAVE_UNISTD_H 1
| /* end confdefs.h.  */
| an_error "intentional-error-for-test.h"
| 
| int
| main ()
| {
| 
|   ;
|   return 0;
| }
configure:7006: result: yes
configure:7034: checking whether g++ accepts -fbracket-depth=4096
configure:7047: g++ -o conftest -g -O2 -fno-omit-frame-pointer -mno-omit-leaf-frame-pointer -ffile-prefix-map=/home/sumanto/Downloads/nghdl=. -flto=auto -ffat-lto-objects -fstack-protector-strong -fstack-clash-protection -Wformat -Werror=format-security -fcf-protection -fdebug-prefix-map=/home/sumanto/Downloads/nghdl=/usr/src/nghdl-1.0.0-1  -fbracket-depth=4096 -Werror -Wdate-time -D_FORTIFY_SOURCE=3  -Wl,-Bsymbolic-functions -flto=auto -ffat-lto-objects -Wl,-z,relro -Wl,-z,now  conftest.cpp  >&5
g++: error: unrecognized command-line option '-fbracket-depth=4096'
configure:7047: $? = 1
configure: failed program was:
| /* confdefs.h */
| #define PACKAGE_NAME "Verilator"
| #define PACKAGE_TARNAME "verilator"
| #define PACKAGE_VERSION "4.210 2021-07-07"
| #define PACKAGE_STRING "Verilator 4.210 2021-07-07"
| #define PACKAGE_BUGREPORT "https://verilator.org"
| #define PACKAGE_URL "https://verilator.org"
| #define PACKAGE_VERSION_NUMBER_STRING "4.210"
| #define STDC_HEADERS 1
| #define HAVE_SYS_TYPES_H 1
| #define HAVE_SYS_STAT_H 1
| #define HAVE_STDLIB_H 1
| #define HAVE_STRING_H 1
| #define HAVE_MEMORY_H 1
| #define HAVE_STRINGS_H 1
| #define HAVE_INTTYPES_H 1
| #define HAVE_STDINT_H 1
| #define HAVE_UNISTD_H 1
| /* end confdefs.h.  */
| #include <new>
| int
| main ()
| {
| int* a=new int; delete a;
|   ;
|   return 0;
| }
configure:7074: g++ -c -g -O2 -fno-omit-frame-pointer -mno-omit-leaf-frame-pointer -ffile-prefix-map=/home/sumanto/Downloads/nghdl=. -flto=auto -ffat-lto-objects -fstack-protector-strong -fstack-clash-protection -Wformat -Werror=format-security -fcf-protection -fdebug-prefix-map=/home/sumanto/Downloads/nghdl=/usr/src/nghdl-1.0.0-1  -fbracket-depth=4096 -Werror -Wdate-time -D_FORTIFY_SOURCE=3  conftest.cpp >&5
g++: error: unrecognized command-line option '-fbracket-depth=4096'
configure:7074: $? = 1
configure: failed program was:
| /* confdefs.h */
| #define PACKAGE_NAME "Verilator"
| #define PACKAGE_TARNAME "verilator"
| #define PACKAGE_VERSION "4.210 2021-07-07"
| #define PACKAGE_STRING "Verilator 4.210 2021-07-07"
| #define PACKAGE_BUGREPORT "https://verilator.org"
| #define PACKAGE_URL "https://verilator.org"
| #define PACKAGE_VERSION_NUMBER_STRING "4.210"
| #define STDC_HEADERS 1
| #define HAVE_SYS_TYPES_H 1
| #define HAVE_SYS_STAT_H 1
| #define HAVE_STDLIB_H 1
| #define HAVE_STRING_H 1
| #define HAVE_MEMORY_H 1
| #define HAVE_STRINGS_H 1
| #define HAVE_INTTYPES_H 1
| #define HAVE_STDINT_H 1
| #define HAVE_UNISTD_H 1
| /* end confdefs.h.  */
| an_error "intentional-error-for-test.h"
| 
| int
| main ()
| {
| 
|   ;
|   return 0;
| }
configure:7085: result: no
configure:7113: checking whether g++ accepts -fcf-protection=none
configure:7126: g++ -o conftest -g -O2 -fno-omit-frame-pointer -mno-omit-leaf-frame-pointer -ffile-prefix-map=/home/sumanto/Downloads/nghdl=. -flto=auto -ffat-lto-objects -fstack-protector-strong -fstack-clash-protection -Wformat -Werror=format-security -fcf-protection -fdebug-prefix-map=/home/sumanto/Downloads/nghdl=/usr/src/nghdl-1.0.0-1  -fcf-protection=none -Werror -Wdate-time -D_FORTIFY_SOURCE=3  -Wl,-Bsymbolic-functions -flto=auto -ffat-lto-objects -Wl,-z,relro -Wl,-z,now  conftest.cpp  >&5
configure:7126: $? = 0
configure:7153: g++ -c -g -O2 -fno-omit-frame-pointer -mno-omit-leaf-frame-pointer -ffile-prefix-map=/home/sumanto/Downloads/nghdl=. -flto=auto -ffat-lto-objects -fstack-protector-strong -fstack-clash-protection -Wformat -Werror=format-security -fcf-protection -fdebug-prefix-map=/home/sumanto/Downloads/nghdl=/usr/src/nghdl-1.0.0-1  -fcf-protection=none -Werror -Wdate-time -D_FORTIFY_SOURCE=3  conftest.cpp >&5
conftest.cpp:20:1: error: 'an_error' does not name a type
   20 | an_error "intentional-error-for-test.h"
      | ^~~~~~~~
configure:7153: $? = 1
configure: failed program was:
| /* confdefs.h */
| #define PACKAGE_NAME "Verilator"
| #define PACKAGE_TARNAME "verilator"
| #define PACKAGE_VERSION "4.210 2021-07-07"
| #define PACKAGE_STRING "Verilator 4.210 2021-07-07"
| #define PACKAGE_BUGREPORT "https://verilator.org"
| #define PACKAGE_URL "https://verilator.org"
| #define PACKAGE_VERSION_NUMBER_STRING "4.210"
| #define STDC_HEADERS 1
| #define HAVE_SYS_TYPES_H 1
| #define HAVE_SYS_STAT_H 1
| #define HAVE_STDLIB_H 1
| #define HAVE_STRING_H 1
| #define HAVE_MEMORY_H 1
| #define HAVE_STRINGS_H 1
| #define HAVE_INTTYPES_H 1
| #define HAVE_STDINT_H 1
| #define HAVE_UNISTD_H 1
| /* end confdefs.h.  */
| an_error "intentional-error-for-test.h"
| 
| int
| main ()
| {
| 
|   ;
|   return 0;
| }
configure:7164: result: yes
configure:7192: checking whether g++ accepts -mno-cet
configure:7205: g++ -o conftest -g -O2 -fno-omit-frame-pointer -mno-omit-leaf-frame-pointer -ffile-prefix-map=/home/sumanto/Downloads/nghdl=. -flto=auto -ffat-lto-objects -fstack-protector-strong -fstack-clash-protection -Wformat -Werror=format-security -fcf-protection -fdebug-prefix-map=/home/sumanto/Downloads/nghdl=/usr/src/nghdl-1.0.0-1  -mno-cet -Werror -Wdate-time -D_FORTIFY_SOURCE=3  -Wl,-Bsymbolic-functions -flto=auto -ffat-lto-objects -Wl,-z,relro -Wl,-z,now  conftest.cpp  >&5
g++: error: unrecognized command-line option '-mno-cet'; did you mean '-mno-aes'?
configure:7205: $? = 1
configure: failed program was:
| /* confdefs.h */
| #define PACKAGE_NAME "Verilator"
| #define PACKAGE_TARNAME "verilator"
| #define PACKAGE_VERSION "4.210 2021-07-07"
| #define PACKAGE_STRING "Verilator 4.210 2021-07-07"
| #define PACKAGE_BUGREPORT "https://verilator.org"
| #define PACKAGE_URL "https://verilator.org"
| #define PACKAGE_VERSION_NUMBER_STRING "4.210"
| #define STDC_HEADERS 1
| #define HAVE_SYS_TYPES_H 1
| #define HAVE_SYS_STAT_H 1
| #define HAVE_STDLIB_H 1
| #define HAVE_STRING_H 1
| #define HAVE_MEMORY_H 1
| #define HAVE_STRINGS_H 1
| #define HAVE_INTTYPES_H 1
| #define HAVE_STDINT_H 1
| #define HAVE_UNISTD_H 1
| /* end confdefs.h.  */
| #include <new>
| int
| main ()
| {
| int* a=new int; delete a;
|   ;
|   return 0;
| }
configure:7232: g++ -c -g -O2 -fno-omit-frame-pointer -mno-omit-leaf-frame-pointer -ffile-prefix-map=/home/sumanto/Downloads/nghdl=. -flto=auto -ffat-lto-objects -fstack-protector-strong -fstack-clash-protection -Wformat -Werror=format-security -fcf-protection -fdebug-prefix-map=/home/sumanto/Downloads/nghdl=/usr/src/nghdl-1.0.0-1  -mno-cet -Werror -Wdate-time -D_FORTIFY_SOURCE=3  conftest.cpp >&5
g++: error: unrecognized command-line option '-mno-cet'; did you mean '-mno-aes'?
configure:7232: $? = 1
configure: failed program was:
| /* confdefs.h */
| #define PACKAGE_NAME "Verilator"
| #define PACKAGE_TARNAME "verilator"
| #define PACKAGE_VERSION "4.210 2021-07-07"
| #define PACKAGE_STRING "Verilator 4.210 2021-07-07"
| #define PACKAGE_BUGREPORT "https://verilator.org"
| #define PACKAGE_URL "https://verilator.org"
| #define PACKAGE_VERSION_NUMBER_STRING "4.210"
| #define STDC_HEADERS 1
| #define HAVE_SYS_TYPES_H 1
| #define HAVE_SYS_STAT_H 1
| #define HAVE_STDLIB_H 1
| #define HAVE_STRING_H 1
| #define HAVE_MEMORY_H 1
| #define HAVE_STRINGS_H 1
| #define HAVE_INTTYPES_H 1
| #define HAVE_STDINT_H 1
| #define HAVE_UNISTD_H 1
| /* end confdefs.h.  */
| an_error "intentional-error-for-test.h"
| 
| int
| main ()
| {
| 
|   ;
|   return 0;
| }
configure:7243: result: no
configure:7271: checking whether g++ accepts -Qunused-arguments
configure:7284: g++ -o conftest -g -O2 -fno-omit-frame-pointer -mno-omit-leaf-frame-pointer -ffile-prefix-map=/home/sumanto/Downloads/nghdl=. -flto=auto -ffat-lto-objects -fstack-protector-strong -fstack-clash-protection -Wformat -Werror=format-security -fcf-protection -fdebug-prefix-map=/home/sumanto/Downloads/nghdl=/usr/src/nghdl-1.0.0-1  -Qunused-arguments -Werror -Wdate-time -D_FORTIFY_SOURCE=3  -Wl,-Bsymbolic-functions -flto=auto -ffat-lto-objects -Wl,-z,relro -Wl,-z,now  conftest.cpp  >&5
g++: error: unrecognized command-line option '-Qunused-arguments'
configure:7284: $? = 1
configure: failed program was:
| /* confdefs.h */
| #define PACKAGE_NAME "Verilator"
| #define PACKAGE_TARNAME "verilator"
| #define PACKAGE_VERSION "4.210 2021-07-07"
| #define PACKAGE_STRING "Verilator 4.210 2021-07-07"
| #define PACKAGE_BUGREPORT "https://verilator.org"
| #define PACKAGE_URL "https://verilator.org"
| #define PACKAGE_VERSION_NUMBER_STRING "4.210"
| #define STDC_HEADERS 1
| #define HAVE_SYS_TYPES_H 1
| #define HAVE_SYS_STAT_H 1
| #define HAVE_STDLIB_H 1
| #define HAVE_STRING_H 1
| #define HAVE_MEMORY_H 1
| #define HAVE_STRINGS_H 1
| #define HAVE_INTTYPES_H 1
| #define HAVE_STDINT_H 1
| #define HAVE_UNISTD_H 1
| /* end confdefs.h.  */
| #include <new>
| int
| main ()
| {
| int* a=new int; delete a;
|   ;
|   return 0;
| }
configure:7311: g++ -c -g -O2 -fno-omit-frame-pointer -mno-omit-leaf-frame-pointer -ffile-prefix-map=/home/sumanto/Downloads/nghdl=. -flto=auto -ffat-lto-objects -fstack-protector-strong -fstack-clash-protection -Wformat -Werror=format-security -fcf-protection -fdebug-prefix-map=/home/sumanto/Downloads/nghdl=/usr/src/nghdl-1.0.0-1  -Qunused-arguments -Werror -Wdate-time -D_FORTIFY_SOURCE=3  conftest.cpp >&5
g++: error: unrecognized command-line option '-Qunused-arguments'
configure:7311: $? = 1
configure: failed program was:
| /* confdefs.h */
| #define PACKAGE_NAME "Verilator"
| #define PACKAGE_TARNAME "verilator"
| #define PACKAGE_VERSION "4.210 2021-07-07"
| #define PACKAGE_STRING "Verilator 4.210 2021-07-07"
| #define PACKAGE_BUGREPORT "https://verilator.org"
| #define PACKAGE_URL "https://verilator.org"
| #define PACKAGE_VERSION_NUMBER_STRING "4.210"
| #define STDC_HEADERS 1
| #define HAVE_SYS_TYPES_H 1
| #define HAVE_SYS_STAT_H 1
| #define HAVE_STDLIB_H 1
| #define HAVE_STRING_H 1
| #define HAVE_MEMORY_H 1
| #define HAVE_STRINGS_H 1
| #define HAVE_INTTYPES_H 1
| #define HAVE_STDINT_H 1
| #define HAVE_UNISTD_H 1
| /* end confdefs.h.  */
| an_error "intentional-error-for-test.h"
| 
| int
| main ()
| {
| 
|   ;
|   return 0;
| }
configure:7322: result: no
configure:7350: checking whether g++ accepts -Wno-bool-operation
configure:7363: g++ -o conftest -g -O2 -fno-omit-frame-pointer -mno-omit-leaf-frame-pointer -ffile-prefix-map=/home/sumanto/Downloads/nghdl=. -flto=auto -ffat-lto-objects -fstack-protector-strong -fstack-clash-protection -Wformat -Werror=format-security -fcf-protection -fdebug-prefix-map=/home/sumanto/Downloads/nghdl=/usr/src/nghdl-1.0.0-1  -Wno-bool-operation -Werror -Wdate-time -D_FORTIFY_SOURCE=3  -Wl,-Bsymbolic-functions -flto=auto -ffat-lto-objects -Wl,-z,relro -Wl,-z,now  conftest.cpp  >&5
configure:7363: $? = 0
configure:7390: g++ -c -g -O2 -fno-omit-frame-pointer -mno-omit-leaf-frame-pointer -ffile-prefix-map=/home/sumanto/Downloads/nghdl=. -flto=auto -ffat-lto-objects -fstack-protector-strong -fstack-clash-protection -Wformat -Werror=format-security -fcf-protection -fdebug-prefix-map=/home/sumanto/Downloads/nghdl=/usr/src/nghdl-1.0.0-1  -Wno-bool-operation -Werror -Wdate-time -D_FORTIFY_SOURCE=3  conftest.cpp >&5
conftest.cpp:20:1: error: 'an_error' does not name a type
   20 | an_error "intentional-error-for-test.h"
      | ^~~~~~~~
configure:7390: $? = 1
configure: failed program was:
| /* confdefs.h */
| #define PACKAGE_NAME "Verilator"
| #define PACKAGE_TARNAME "verilator"
| #define PACKAGE_VERSION "4.210 2021-07-07"
| #define PACKAGE_STRING "Verilator 4.210 2021-07-07"
| #define PACKAGE_BUGREPORT "https://verilator.org"
| #define PACKAGE_URL "https://verilator.org"
| #define PACKAGE_VERSION_NUMBER_STRING "4.210"
| #define STDC_HEADERS 1
| #define HAVE_SYS_TYPES_H 1
| #define HAVE_SYS_STAT_H 1
| #define HAVE_STDLIB_H 1
| #define HAVE_STRING_H 1
| #define HAVE_MEMORY_H 1
| #define HAVE_STRINGS_H 1
| #define HAVE_INTTYPES_H 1
| #define HAVE_STDINT_H 1
| #define HAVE_UNISTD_H 1
| /* end confdefs.h.  */
| an_error "intentional-error-for-test.h"
| 
| int
| main ()
| {
| 
|   ;
|   return 0;
| }
configure:7401: result: yes
configure:7429: checking whether g++ accepts -Wno-tautological-bitwise-compare
configure:7442: g++ -o conftest -g -O2 -fno-omit-frame-pointer -mno-omit-leaf-frame-pointer -ffile-prefix-map=/home/sumanto/Downloads/nghdl=. -flto=auto -ffat-lto-objects -fstack-protector-strong -fstack-clash-protection -Wformat -Werror=format-security -fcf-protection -fdebug-prefix-map=/home/sumanto/Downloads/nghdl=/usr/src/nghdl-1.0.0-1  -Wno-tautological-bitwise-compare -Werror -Wdate-time -D_FORTIFY_SOURCE=3  -Wl,-Bsymbolic-functions -flto=auto -ffat-lto-objects -Wl,-z,relro -Wl,-z,now  conftest.cpp  >&5
configure:7442: $? = 0
configure:7469: g++ -c -g -O2 -fno-omit-frame-pointer -mno-omit-leaf-frame-pointer -ffile-prefix-map=/home/sumanto/Downloads/nghdl=. -flto=auto -ffat-lto-objects -fstack-protector-strong -fstack-clash-protection -Wformat -Werror=format-security -fcf-protection -fdebug-prefix-map=/home/sumanto/Downloads/nghdl=/usr/src/nghdl-1.0.0-1  -Wno-tautological-bitwise-compare -Werror -Wdate-time -D_FORTIFY_SOURCE=3  conftest.cpp >&5
conftest.cpp:20:1: error: 'an_error' does not name a type
   20 | an_error "intentional-error-for-test.h"
      | ^~~~~~~~
cc1plus: note: unrecognized command-line option '-Wno-tautological-bitwise-compare' may have been intended to silence earlier diagnostics
configure:7469: $? = 1
configure: failed program was:
| /* confdefs.h */
| #define PACKAGE_NAME "Verilator"
| #define PACKAGE_TARNAME "verilator"
| #define PACKAGE_VERSION "4.210 2021-07-07"
| #define PACKAGE_STRING "Verilator 4.210 2021-07-07"
| #define PACKAGE_BUGREPORT "https://verilator.org"
| #define PACKAGE_URL "https://verilator.org"
| #define PACKAGE_VERSION_NUMBER_STRING "4.210"
| #define STDC_HEADERS 1
| #define HAVE_SYS_TYPES_H 1
| #define HAVE_SYS_STAT_H 1
| #define HAVE_STDLIB_H 1
| #define HAVE_STRING_H 1
| #define HAVE_MEMORY_H 1
| #define HAVE_STRINGS_H 1
| #define HAVE_INTTYPES_H 1
| #define HAVE_STDINT_H 1
| #define HAVE_UNISTD_H 1
| /* end confdefs.h.  */
| an_error "intentional-error-for-test.h"
| 
| int
| main ()
| {
| 
|   ;
|   return 0;
| }
configure:7480: result: no
configure:7508: checking whether g++ accepts -Wno-parentheses-equality
configure:7521: g++ -o conftest -g -O2 -fno-omit-frame-pointer -mno-omit-leaf-frame-pointer -ffile-prefix-map=/home/sumanto/Downloads/nghdl=. -flto=auto -ffat-lto-objects -fstack-protector-strong -fstack-clash-protection -Wformat -Werror=format-security -fcf-protection -fdebug-prefix-map=/home/sumanto/Downloads/nghdl=/usr/src/nghdl-1.0.0-1  -Wno-parentheses-equality -Werror -Wdate-time -D_FORTIFY_SOURCE=3  -Wl,-Bsymbolic-functions -flto=auto -ffat-lto-objects -Wl,-z,relro -Wl,-z,now  conftest.cpp  >&5
configure:7521: $? = 0
configure:7548: g++ -c -g -O2 -fno-omit-frame-pointer -mno-omit-leaf-frame-pointer -ffile-prefix-map=/home/sumanto/Downloads/nghdl=. -flto=auto -ffat-lto-objects -fstack-protector-strong -fstack-clash-protection -Wformat -Werror=format-security -fcf-protection -fdebug-prefix-map=/home/sumanto/Downloads/nghdl=/usr/src/nghdl-1.0.0-1  -Wno-parentheses-equality -Werror -Wdate-time -D_FORTIFY_SOURCE=3  conftest.cpp >&5
conftest.cpp:20:1: error: 'an_error' does not name a type
   20 | an_error "intentional-error-for-test.h"
      | ^~~~~~~~
cc1plus: note: unrecognized command-line option '-Wno-parentheses-equality' may have been intended to silence earlier diagnostics
configure:7548: $? = 1
configure: failed program was:
| /* confdefs.h */
| #define PACKAGE_NAME "Verilator"
| #define PACKAGE_TARNAME "verilator"
| #define PACKAGE_VERSION "4.210 2021-07-07"
| #define PACKAGE_STRING "Verilator 4.210 2021-07-07"
| #define PACKAGE_BUGREPORT "https://verilator.org"
| #define PACKAGE_URL "https://verilator.org"
| #define PACKAGE_VERSION_NUMBER_STRING "4.210"
| #define STDC_HEADERS 1
| #define HAVE_SYS_TYPES_H 1
| #define HAVE_SYS_STAT_H 1
| #define HAVE_STDLIB_H 1
| #define HAVE_STRING_H 1
| #define HAVE_MEMORY_H 1
| #define HAVE_STRINGS_H 1
| #define HAVE_INTTYPES_H 1
| #define HAVE_STDINT_H 1
| #define HAVE_UNISTD_H 1
| /* end confdefs.h.  */
| an_error "intentional-error-for-test.h"
| 
| int
| main ()
| {
| 
|   ;
|   return 0;
| }
configure:7559: result: no
configure:7587: checking whether g++ accepts -Wno-sign-compare
configure:7600: g++ -o conftest -g -O2 -fno-omit-frame-pointer -mno-omit-leaf-frame-pointer -ffile-prefix-map=/home/sumanto/Downloads/nghdl=. -flto=auto -ffat-lto-objects -fstack-protector-strong -fstack-clash-protection -Wformat -Werror=format-security -fcf-protection -fdebug-prefix-map=/home/sumanto/Downloads/nghdl=/usr/src/nghdl-1.0.0-1  -Wno-sign-compare -Werror -Wdate-time -D_FORTIFY_SOURCE=3  -Wl,-Bsymbolic-functions -flto=auto -ffat-lto-objects -Wl,-z,relro -Wl,-z,now  conftest.cpp  >&5
configure:7600: $? = 0
configure:7627: g++ -c -g -O2 -fno-omit-frame-pointer -mno-omit-leaf-frame-pointer -ffile-prefix-map=/home/sumanto/Downloads/nghdl=. -flto=auto -ffat-lto-objects -fstack-protector-strong -fstack-clash-protection -Wformat -Werror=format-security -fcf-protection -fdebug-prefix-map=/home/sumanto/Downloads/nghdl=/usr/src/nghdl-1.0.0-1  -Wno-sign-compare -Werror -Wdate-time -D_FORTIFY_SOURCE=3  conftest.cpp >&5
conftest.cpp:20:1: error: 'an_error' does not name a type
   20 | an_error "intentional-error-for-test.h"
      | ^~~~~~~~
configure:7627: $? = 1
configure: failed program was:
| /* confdefs.h */
| #define PACKAGE_NAME "Verilator"
| #define PACKAGE_TARNAME "verilator"
| #define PACKAGE_VERSION "4.210 2021-07-07"
| #define PACKAGE_STRING "Verilator 4.210 2021-07-07"
| #define PACKAGE_BUGREPORT "https://verilator.org"
| #define PACKAGE_URL "https://verilator.org"
| #define PACKAGE_VERSION_NUMBER_STRING "4.210"
| #define STDC_HEADERS 1
| #define HAVE_SYS_TYPES_H 1
| #define HAVE_SYS_STAT_H 1
| #define HAVE_STDLIB_H 1
| #define HAVE_STRING_H 1
| #define HAVE_MEMORY_H 1
| #define HAVE_STRINGS_H 1
| #define HAVE_INTTYPES_H 1
| #define HAVE_STDINT_H 1
| #define HAVE_UNISTD_H 1
| /* end confdefs.h.  */
| an_error "intentional-error-for-test.h"
| 
| int
| main ()
| {
| 
|   ;
|   return 0;
| }
configure:7638: result: yes
configure:7666: checking whether g++ accepts -Wno-uninitialized
configure:7679: g++ -o conftest -g -O2 -fno-omit-frame-pointer -mno-omit-leaf-frame-pointer -ffile-prefix-map=/home/sumanto/Downloads/nghdl=. -flto=auto -ffat-lto-objects -fstack-protector-strong -fstack-clash-protection -Wformat -Werror=format-security -fcf-protection -fdebug-prefix-map=/home/sumanto/Downloads/nghdl=/usr/src/nghdl-1.0.0-1  -Wno-uninitialized -Werror -Wdate-time -D_FORTIFY_SOURCE=3  -Wl,-Bsymbolic-functions -flto=auto -ffat-lto-objects -Wl,-z,relro -Wl,-z,now  conftest.cpp  >&5
configure:7679: $? = 0
configure:7706: g++ -c -g -O2 -fno-omit-frame-pointer -mno-omit-leaf-frame-pointer -ffile-prefix-map=/home/sumanto/Downloads/nghdl=. -flto=auto -ffat-lto-objects -fstack-protector-strong -fstack-clash-protection -Wformat -Werror=format-security -fcf-protection -fdebug-prefix-map=/home/sumanto/Downloads/nghdl=/usr/src/nghdl-1.0.0-1  -Wno-uninitialized -Werror -Wdate-time -D_FORTIFY_SOURCE=3  conftest.cpp >&5
conftest.cpp:20:1: error: 'an_error' does not name a type
   20 | an_error "intentional-error-for-test.h"
      | ^~~~~~~~
configure:7706: $? = 1
configure: failed program was:
| /* confdefs.h */
| #define PACKAGE_NAME "Verilator"
| #define PACKAGE_TARNAME "verilator"
| #define PACKAGE_VERSION "4.210 2021-07-07"
| #define PACKAGE_STRING "Verilator 4.210 2021-07-07"
| #define PACKAGE_BUGREPORT "https://verilator.org"
| #define PACKAGE_URL "https://verilator.org"
| #define PACKAGE_VERSION_NUMBER_STRING "4.210"
| #define STDC_HEADERS 1
| #define HAVE_SYS_TYPES_H 1
| #define HAVE_SYS_STAT_H 1
| #define HAVE_STDLIB_H 1
| #define HAVE_STRING_H 1
| #define HAVE_MEMORY_H 1
| #define HAVE_STRINGS_H 1
| #define HAVE_INTTYPES_H 1
| #define HAVE_STDINT_H 1
| #define HAVE_UNISTD_H 1
| /* end confdefs.h.  */
| an_error "intentional-error-for-test.h"
| 
| int
| main ()
| {
| 
|   ;
|   return 0;
| }
configure:7717: result: yes
configure:7745: checking whether g++ accepts -Wno-unused-but-set-variable
configure:7758: g++ -o conftest -g -O2 -fno-omit-frame-pointer -mno-omit-leaf-frame-pointer -ffile-prefix-map=/home/sumanto/Downloads/nghdl=. -flto=auto -ffat-lto-objects -fstack-protector-strong -fstack-clash-protection -Wformat -Werror=format-security -fcf-protection -fdebug-prefix-map=/home/sumanto/Downloads/nghdl=/usr/src/nghdl-1.0.0-1  -Wno-unused-but-set-variable -Werror -Wdate-time -D_FORTIFY_SOURCE=3  -Wl,-Bsymbolic-functions -flto=auto -ffat-lto-objects -Wl,-z,relro -Wl,-z,now  conftest.cpp  >&5
configure:7758: $? = 0
configure:7785: g++ -c -g -O2 -fno-omit-frame-pointer -mno-omit-leaf-frame-pointer -ffile-prefix-map=/home/sumanto/Downloads/nghdl=. -flto=auto -ffat-lto-objects -fstack-protector-strong -fstack-clash-protection -Wformat -Werror=format-security -fcf-protection -fdebug-prefix-map=/home/sumanto/Downloads/nghdl=/usr/src/nghdl-1.0.0-1  -Wno-unused-but-set-variable -Werror -Wdate-time -D_FORTIFY_SOURCE=3  conftest.cpp >&5
conftest.cpp:20:1: error: 'an_error' does not name a type
   20 | an_error "intentional-error-for-test.h"
      | ^~~~~~~~
configure:7785: $? = 1
configure: failed program was:
| /* confdefs.h */
| #define PACKAGE_NAME "Verilator"
| #define PACKAGE_TARNAME "verilator"
| #define PACKAGE_VERSION "4.210 2021-07-07"
| #define PACKAGE_STRING "Verilator 4.210 2021-07-07"
| #define PACKAGE_BUGREPORT "https://verilator.org"
| #define PACKAGE_URL "https://verilator.org"
| #define PACKAGE_VERSION_NUMBER_STRING "4.210"
| #define STDC_HEADERS 1
| #define HAVE_SYS_TYPES_H 1
| #define HAVE_SYS_STAT_H 1
| #define HAVE_STDLIB_H 1
| #define HAVE_STRING_H 1
| #define HAVE_MEMORY_H 1
| #define HAVE_STRINGS_H 1
| #define HAVE_INTTYPES_H 1
| #define HAVE_STDINT_H 1
| #define HAVE_UNISTD_H 1
| /* end confdefs.h.  */
| an_error "intentional-error-for-test.h"
| 
| int
| main ()
| {
| 
|   ;
|   return 0;
| }
configure:7796: result: yes
configure:7824: checking whether g++ accepts -Wno-unused-parameter
configure:7837: g++ -o conftest -g -O2 -fno-omit-frame-pointer -mno-omit-leaf-frame-pointer -ffile-prefix-map=/home/sumanto/Downloads/nghdl=. -flto=auto -ffat-lto-objects -fstack-protector-strong -fstack-clash-protection -Wformat -Werror=format-security -fcf-protection -fdebug-prefix-map=/home/sumanto/Downloads/nghdl=/usr/src/nghdl-1.0.0-1  -Wno-unused-parameter -Werror -Wdate-time -D_FORTIFY_SOURCE=3  -Wl,-Bsymbolic-functions -flto=auto -ffat-lto-objects -Wl,-z,relro -Wl,-z,now  conftest.cpp  >&5
configure:7837: $? = 0
configure:7864: g++ -c -g -O2 -fno-omit-frame-pointer -mno-omit-leaf-frame-pointer -ffile-prefix-map=/home/sumanto/Downloads/nghdl=. -flto=auto -ffat-lto-objects -fstack-protector-strong -fstack-clash-protection -Wformat -Werror=format-security -fcf-protection -fdebug-prefix-map=/home/sumanto/Downloads/nghdl=/usr/src/nghdl-1.0.0-1  -Wno-unused-parameter -Werror -Wdate-time -D_FORTIFY_SOURCE=3  conftest.cpp >&5
conftest.cpp:20:1: error: 'an_error' does not name a type
   20 | an_error "intentional-error-for-test.h"
      | ^~~~~~~~
configure:7864: $? = 1
configure: failed program was:
| /* confdefs.h */
| #define PACKAGE_NAME "Verilator"
| #define PACKAGE_TARNAME "verilator"
| #define PACKAGE_VERSION "4.210 2021-07-07"
| #define PACKAGE_STRING "Verilator 4.210 2021-07-07"
| #define PACKAGE_BUGREPORT "https://verilator.org"
| #define PACKAGE_URL "https://verilator.org"
| #define PACKAGE_VERSION_NUMBER_STRING "4.210"
| #define STDC_HEADERS 1
| #define HAVE_SYS_TYPES_H 1
| #define HAVE_SYS_STAT_H 1
| #define HAVE_STDLIB_H 1
| #define HAVE_STRING_H 1
| #define HAVE_MEMORY_H 1
| #define HAVE_STRINGS_H 1
| #define HAVE_INTTYPES_H 1
| #define HAVE_STDINT_H 1
| #define HAVE_UNISTD_H 1
| /* end confdefs.h.  */
| an_error "intentional-error-for-test.h"
| 
| int
| main ()
| {
| 
|   ;
|   return 0;
| }
configure:7875: result: yes
configure:7903: checking whether g++ accepts -Wno-unused-variable
configure:7916: g++ -o conftest -g -O2 -fno-omit-frame-pointer -mno-omit-leaf-frame-pointer -ffile-prefix-map=/home/sumanto/Downloads/nghdl=. -flto=auto -ffat-lto-objects -fstack-protector-strong -fstack-clash-protection -Wformat -Werror=format-security -fcf-protection -fdebug-prefix-map=/home/sumanto/Downloads/nghdl=/usr/src/nghdl-1.0.0-1  -Wno-unused-variable -Werror -Wdate-time -D_FORTIFY_SOURCE=3  -Wl,-Bsymbolic-functions -flto=auto -ffat-lto-objects -Wl,-z,relro -Wl,-z,now  conftest.cpp  >&5
configure:7916: $? = 0
configure:7943: g++ -c -g -O2 -fno-omit-frame-pointer -mno-omit-leaf-frame-pointer -ffile-prefix-map=/home/sumanto/Downloads/nghdl=. -flto=auto -ffat-lto-objects -fstack-protector-strong -fstack-clash-protection -Wformat -Werror=format-security -fcf-protection -fdebug-prefix-map=/home/sumanto/Downloads/nghdl=/usr/src/nghdl-1.0.0-1  -Wno-unused-variable -Werror -Wdate-time -D_FORTIFY_SOURCE=3  conftest.cpp >&5
conftest.cpp:20:1: error: 'an_error' does not name a type
   20 | an_error "intentional-error-for-test.h"
      | ^~~~~~~~
configure:7943: $? = 1
configure: failed program was:
| /* confdefs.h */
| #define PACKAGE_NAME "Verilator"
| #define PACKAGE_TARNAME "verilator"
| #define PACKAGE_VERSION "4.210 2021-07-07"
| #define PACKAGE_STRING "Verilator 4.210 2021-07-07"
| #define PACKAGE_BUGREPORT "https://verilator.org"
| #define PACKAGE_URL "https://verilator.org"
| #define PACKAGE_VERSION_NUMBER_STRING "4.210"
| #define STDC_HEADERS 1
| #define HAVE_SYS_TYPES_H 1
| #define HAVE_SYS_STAT_H 1
| #define HAVE_STDLIB_H 1
| #define HAVE_STRING_H 1
| #define HAVE_MEMORY_H 1
| #define HAVE_STRINGS_H 1
| #define HAVE_INTTYPES_H 1
| #define HAVE_STDINT_H 1
| #define HAVE_UNISTD_H 1
| /* end confdefs.h.  */
| an_error "intentional-error-for-test.h"
| 
| int
| main ()
| {
| 
|   ;
|   return 0;
| }
configure:7954: result: yes
configure:7982: checking whether g++ accepts -Wno-shadow
configure:7995: g++ -o conftest -g -O2 -fno-omit-frame-pointer -mno-omit-leaf-frame-pointer -ffile-prefix-map=/home/sumanto/Downloads/nghdl=. -flto=auto -ffat-lto-objects -fstack-protector-strong -fstack-clash-protection -Wformat -Werror=format-security -fcf-protection -fdebug-prefix-map=/home/sumanto/Downloads/nghdl=/usr/src/nghdl-1.0.0-1  -Wno-shadow -Werror -Wdate-time -D_FORTIFY_SOURCE=3  -Wl,-Bsymbolic-functions -flto=auto -ffat-lto-objects -Wl,-z,relro -Wl,-z,now  conftest.cpp  >&5
configure:7995: $? = 0
configure:8022: g++ -c -g -O2 -fno-omit-frame-pointer -mno-omit-leaf-frame-pointer -ffile-prefix-map=/home/sumanto/Downloads/nghdl=. -flto=auto -ffat-lto-objects -fstack-protector-strong -fstack-clash-protection -Wformat -Werror=format-security -fcf-protection -fdebug-prefix-map=/home/sumanto/Downloads/nghdl=/usr/src/nghdl-1.0.0-1  -Wno-shadow -Werror -Wdate-time -D_FORTIFY_SOURCE=3  conftest.cpp >&5
conftest.cpp:20:1: error: 'an_error' does not name a type
   20 | an_error "intentional-error-for-test.h"
      | ^~~~~~~~
configure:8022: $? = 1
configure: failed program was:
| /* confdefs.h */
| #define PACKAGE_NAME "Verilator"
| #define PACKAGE_TARNAME "verilator"
| #define PACKAGE_VERSION "4.210 2021-07-07"
| #define PACKAGE_STRING "Verilator 4.210 2021-07-07"
| #define PACKAGE_BUGREPORT "https://verilator.org"
| #define PACKAGE_URL "https://verilator.org"
| #define PACKAGE_VERSION_NUMBER_STRING "4.210"
| #define STDC_HEADERS 1
| #define HAVE_SYS_TYPES_H 1
| #define HAVE_SYS_STAT_H 1
| #define HAVE_STDLIB_H 1
| #define HAVE_STRING_H 1
| #define HAVE_MEMORY_H 1
| #define HAVE_STRINGS_H 1
| #define HAVE_INTTYPES_H 1
| #define HAVE_STDINT_H 1
| #define HAVE_UNISTD_H 1
| /* end confdefs.h.  */
| an_error "intentional-error-for-test.h"
| 
| int
| main ()
| {
| 
|   ;
|   return 0;
| }
configure:8033: result: yes
configure:8063: checking whether g++ linker accepts -mt
configure:8076: g++ -o conftest -g -O2 -fno-omit-frame-pointer -mno-omit-leaf-frame-pointer -ffile-prefix-map=/home/sumanto/Downloads/nghdl=. -flto=auto -ffat-lto-objects -fstack-protector-strong -fstack-clash-protection -Wformat -Werror=format-security -fcf-protection -fdebug-prefix-map=/home/sumanto/Downloads/nghdl=/usr/src/nghdl-1.0.0-1  -Wdate-time -D_FORTIFY_SOURCE=3  -Wl,-Bsymbolic-functions -flto=auto -ffat-lto-objects -Wl,-z,relro -Wl,-z,now  conftest.cpp  -mt >&5
g++: error: unrecognized command-line option '-mt'; did you mean '-MT'?
configure:8076: $? = 1
configure: failed program was:
| /* confdefs.h */
| #define PACKAGE_NAME "Verilator"
| #define PACKAGE_TARNAME "verilator"
| #define PACKAGE_VERSION "4.210 2021-07-07"
| #define PACKAGE_STRING "Verilator 4.210 2021-07-07"
| #define PACKAGE_BUGREPORT "https://verilator.org"
| #define PACKAGE_URL "https://verilator.org"
| #define PACKAGE_VERSION_NUMBER_STRING "4.210"
| #define STDC_HEADERS 1
| #define HAVE_SYS_TYPES_H 1
| #define HAVE_SYS_STAT_H 1
| #define HAVE_STDLIB_H 1
| #define HAVE_STRING_H 1
| #define HAVE_MEMORY_H 1
| #define HAVE_STRINGS_H 1
| #define HAVE_INTTYPES_H 1
| #define HAVE_STDINT_H 1
| #define HAVE_UNISTD_H 1
| /* end confdefs.h.  */
| 
| int
| main ()
| {
| 
|   ;
|   return 0;
| }
configure:8088: result: no
configure:8113: checking whether g++ linker accepts -pthread
configure:8126: g++ -o conftest -g -O2 -fno-omit-frame-pointer -mno-omit-leaf-frame-pointer -ffile-prefix-map=/home/sumanto/Downloads/nghdl=. -flto=auto -ffat-lto-objects -fstack-protector-strong -fstack-clash-protection -Wformat -Werror=format-security -fcf-protection -fdebug-prefix-map=/home/sumanto/Downloads/nghdl=/usr/src/nghdl-1.0.0-1  -Wdate-time -D_FORTIFY_SOURCE=3  -Wl,-Bsymbolic-functions -flto=auto -ffat-lto-objects -Wl,-z,relro -Wl,-z,now  conftest.cpp  -pthread >&5
configure:8126: $? = 0
configure:8138: result: yes
configure:8163: checking whether g++ linker accepts -lpthread
configure:8176: g++ -o conftest -g -O2 -fno-omit-frame-pointer -mno-omit-leaf-frame-pointer -ffile-prefix-map=/home/sumanto/Downloads/nghdl=. -flto=auto -ffat-lto-objects -fstack-protector-strong -fstack-clash-protection -Wformat -Werror=format-security -fcf-protection -fdebug-prefix-map=/home/sumanto/Downloads/nghdl=/usr/src/nghdl-1.0.0-1  -Wdate-time -D_FORTIFY_SOURCE=3  -Wl,-Bsymbolic-functions -flto=auto -ffat-lto-objects -Wl,-z,relro -Wl,-z,now  conftest.cpp  -lpthread >&5
configure:8176: $? = 0
configure:8188: result: yes
configure:8213: checking whether g++ linker accepts -latomic
configure:8226: g++ -o conftest -g -O2 -fno-omit-frame-pointer -mno-omit-leaf-frame-pointer -ffile-prefix-map=/home/sumanto/Downloads/nghdl=. -flto=auto -ffat-lto-objects -fstack-protector-strong -fstack-clash-protection -Wformat -Werror=format-security -fcf-protection -fdebug-prefix-map=/home/sumanto/Downloads/nghdl=/usr/src/nghdl-1.0.0-1  -Wdate-time -D_FORTIFY_SOURCE=3  -Wl,-Bsymbolic-functions -flto=auto -ffat-lto-objects -Wl,-z,relro -Wl,-z,now  conftest.cpp  -latomic >&5
configure:8226: $? = 0
configure:8238: result: yes
configure:8268: checking whether g++ linker accepts -static-libgcc
configure:8281: g++ -o conftest -g -O2 -fno-omit-frame-pointer -mno-omit-leaf-frame-pointer -ffile-prefix-map=/home/sumanto/Downloads/nghdl=. -flto=auto -ffat-lto-objects -fstack-protector-strong -fstack-clash-protection -Wformat -Werror=format-security -fcf-protection -fdebug-prefix-map=/home/sumanto/Downloads/nghdl=/usr/src/nghdl-1.0.0-1  -Wdate-time -D_FORTIFY_SOURCE=3  -Wl,-Bsymbolic-functions -flto=auto -ffat-lto-objects -Wl,-z,relro -Wl,-z,now  conftest.cpp  -static-libgcc >&5
configure:8281: $? = 0
configure:8293: result: yes
configure:8315: checking whether g++ linker accepts -static-libstdc++
configure:8328: g++ -o conftest -g -O2 -fno-omit-frame-pointer -mno-omit-leaf-frame-pointer -ffile-prefix-map=/home/sumanto/Downloads/nghdl=. -flto=auto -ffat-lto-objects -fstack-protector-strong -fstack-clash-protection -Wformat -Werror=format-security -fcf-protection -fdebug-prefix-map=/home/sumanto/Downloads/nghdl=/usr/src/nghdl-1.0.0-1  -Wdate-time -D_FORTIFY_SOURCE=3  -Wl,-Bsymbolic-functions -flto=auto -ffat-lto-objects -Wl,-z,relro -Wl,-z,now  conftest.cpp  -static-libstdc++ >&5
configure:8328: $? = 0
configure:8340: result: yes
configure:8362: checking whether g++ linker accepts -Xlinker -gc-sections
configure:8375: g++ -o conftest -g -O2 -fno-omit-frame-pointer -mno-omit-leaf-frame-pointer -ffile-prefix-map=/home/sumanto/Downloads/nghdl=. -flto=auto -ffat-lto-objects -fstack-protector-strong -fstack-clash-protection -Wformat -Werror=format-security -fcf-protection -fdebug-prefix-map=/home/sumanto/Downloads/nghdl=/usr/src/nghdl-1.0.0-1  -Wdate-time -D_FORTIFY_SOURCE=3  -Wl,-Bsymbolic-functions -flto=auto -ffat-lto-objects -Wl,-z,relro -Wl,-z,now  conftest.cpp  -Xlinker -gc-sections >&5
configure:8375: $? = 0
configure:8387: result: yes
configure:8419: checking whether g++ linker accepts -lpthread
configure:8432: g++ -o conftest -g -O2 -fno-omit-frame-pointer -mno-omit-leaf-frame-pointer -ffile-prefix-map=/home/sumanto/Downloads/nghdl=. -flto=auto -ffat-lto-objects -fstack-protector-strong -fstack-clash-protection -Wformat -Werror=format-security -fcf-protection -fdebug-prefix-map=/home/sumanto/Downloads/nghdl=/usr/src/nghdl-1.0.0-1  -Wdate-time -D_FORTIFY_SOURCE=3  -Wl,-Bsymbolic-functions -flto=auto -ffat-lto-objects -Wl,-z,relro -Wl,-z,now  conftest.cpp  -lpthread >&5
configure:8432: $? = 0
configure:8444: result: yes
configure:8468: checking whether g++ linker accepts -lbcrypt
configure:8481: g++ -o conftest -g -O2 -fno-omit-frame-pointer -mno-omit-leaf-frame-pointer -ffile-prefix-map=/home/sumanto/Downloads/nghdl=. -flto=auto -ffat-lto-objects -fstack-protector-strong -fstack-clash-protection -Wformat -Werror=format-security -fcf-protection -fdebug-prefix-map=/home/sumanto/Downloads/nghdl=/usr/src/nghdl-1.0.0-1  -Wdate-time -D_FORTIFY_SOURCE=3  -Wl,-Bsymbolic-functions -flto=auto -ffat-lto-objects -Wl,-z,relro -Wl,-z,now  conftest.cpp  -lbcrypt >&5
/usr/bin/ld: cannot find -lbcrypt: No such file or directory
collect2: error: ld returned 1 exit status
configure:8481: $? = 1
configure: failed program was:
| /* confdefs.h */
| #define PACKAGE_NAME "Verilator"
| #define PACKAGE_TARNAME "verilator"
| #define PACKAGE_VERSION "4.210 2021-07-07"
| #define PACKAGE_STRING "Verilator 4.210 2021-07-07"
| #define PACKAGE_BUGREPORT "https://verilator.org"
| #define PACKAGE_URL "https://verilator.org"
| #define PACKAGE_VERSION_NUMBER_STRING "4.210"
| #define STDC_HEADERS 1
| #define HAVE_SYS_TYPES_H 1
| #define HAVE_SYS_STAT_H 1
| #define HAVE_STDLIB_H 1
| #define HAVE_STRING_H 1
| #define HAVE_MEMORY_H 1
| #define HAVE_STRINGS_H 1
| #define HAVE_INTTYPES_H 1
| #define HAVE_STDINT_H 1
| #define HAVE_UNISTD_H 1
| /* end confdefs.h.  */
| 
| int
| main ()
| {
| 
|   ;
|   return 0;
| }
configure:8493: result: no
configure:8515: checking whether g++ linker accepts -lpsapi
configure:8528: g++ -o conftest -g -O2 -fno-omit-frame-pointer -mno-omit-leaf-frame-pointer -ffile-prefix-map=/home/sumanto/Downloads/nghdl=. -flto=auto -ffat-lto-objects -fstack-protector-strong -fstack-clash-protection -Wformat -Werror=format-security -fcf-protection -fdebug-prefix-map=/home/sumanto/Downloads/nghdl=/usr/src/nghdl-1.0.0-1  -Wdate-time -D_FORTIFY_SOURCE=3  -Wl,-Bsymbolic-functions -flto=auto -ffat-lto-objects -Wl,-z,relro -Wl,-z,now  conftest.cpp  -lpsapi >&5
/usr/bin/ld: cannot find -lpsapi: No such file or directory
collect2: error: ld returned 1 exit status
configure:8528: $? = 1
configure: failed program was:
| /* confdefs.h */
| #define PACKAGE_NAME "Verilator"
| #define PACKAGE_TARNAME "verilator"
| #define PACKAGE_VERSION "4.210 2021-07-07"
| #define PACKAGE_STRING "Verilator 4.210 2021-07-07"
| #define PACKAGE_BUGREPORT "https://verilator.org"
| #define PACKAGE_URL "https://verilator.org"
| #define PACKAGE_VERSION_NUMBER_STRING "4.210"
| #define STDC_HEADERS 1
| #define HAVE_SYS_TYPES_H 1
| #define HAVE_SYS_STAT_H 1
| #define HAVE_STDLIB_H 1
| #define HAVE_STRING_H 1
| #define HAVE_MEMORY_H 1
| #define HAVE_STRINGS_H 1
| #define HAVE_INTTYPES_H 1
| #define HAVE_STDINT_H 1
| #define HAVE_UNISTD_H 1
| /* end confdefs.h.  */
| 
| int
| main ()
| {
| 
|   ;
|   return 0;
| }
configure:8540: result: no
configure:8562: checking whether g++ linker accepts -l:libtcmalloc_minimal.a
configure:8575: g++ -o conftest -g -O2 -fno-omit-frame-pointer -mno-omit-leaf-frame-pointer -ffile-prefix-map=/home/sumanto/Downloads/nghdl=. -flto=auto -ffat-lto-objects -fstack-protector-strong -fstack-clash-protection -Wformat -Werror=format-security -fcf-protection -fdebug-prefix-map=/home/sumanto/Downloads/nghdl=/usr/src/nghdl-1.0.0-1  -Wdate-time -D_FORTIFY_SOURCE=3  -Wl,-Bsymbolic-functions -flto=auto -ffat-lto-objects -Wl,-z,relro -Wl,-z,now  conftest.cpp  -l:libtcmalloc_minimal.a >&5
/usr/bin/ld: cannot find -l:libtcmalloc_minimal.a: No such file or directory
collect2: error: ld returned 1 exit status
configure:8575: $? = 1
configure: failed program was:
| /* confdefs.h */
| #define PACKAGE_NAME "Verilator"
| #define PACKAGE_TARNAME "verilator"
| #define PACKAGE_VERSION "4.210 2021-07-07"
| #define PACKAGE_STRING "Verilator 4.210 2021-07-07"
| #define PACKAGE_BUGREPORT "https://verilator.org"
| #define PACKAGE_URL "https://verilator.org"
| #define PACKAGE_VERSION_NUMBER_STRING "4.210"
| #define STDC_HEADERS 1
| #define HAVE_SYS_TYPES_H 1
| #define HAVE_SYS_STAT_H 1
| #define HAVE_STDLIB_H 1
| #define HAVE_STRING_H 1
| #define HAVE_MEMORY_H 1
| #define HAVE_STRINGS_H 1
| #define HAVE_INTTYPES_H 1
| #define HAVE_STDINT_H 1
| #define HAVE_UNISTD_H 1
| /* end confdefs.h.  */
| 
| int
| main ()
| {
| 
|   ;
|   return 0;
| }
configure:8587: result: no
configure:8915: checking whether g++ supports C++11
configure:8934: g++ -o conftest -g -O2 -fno-omit-frame-pointer -mno-omit-leaf-frame-pointer -ffile-prefix-map=/home/sumanto/Downloads/nghdl=. -flto=auto -ffat-lto-objects -fstack-protector-strong -fstack-clash-protection -Wformat -Werror=format-security -fcf-protection -fdebug-prefix-map=/home/sumanto/Downloads/nghdl=/usr/src/nghdl-1.0.0-1  -Wdate-time -D_FORTIFY_SOURCE=3  -Wl,-Bsymbolic-functions -flto=auto -ffat-lto-objects -Wl,-z,relro -Wl,-z,now  conftest.cpp  >&5
configure:8934: $? = 0
configure:8947: result: yes
configure:8997: checking for struct stat.st_mtim.tv_nsec
configure:8997: g++ -c -g -O2 -fno-omit-frame-pointer -mno-omit-leaf-frame-pointer -ffile-prefix-map=/home/sumanto/Downloads/nghdl=. -flto=auto -ffat-lto-objects -fstack-protector-strong -fstack-clash-protection -Wformat -Werror=format-security -fcf-protection -fdebug-prefix-map=/home/sumanto/Downloads/nghdl=/usr/src/nghdl-1.0.0-1  -Wdate-time -D_FORTIFY_SOURCE=3  conftest.cpp >&5
configure:8997: $? = 0
configure:8997: result: yes
configure:9010: checking whether SystemC is found (in system path)
configure:9027: g++ -o conftest -g -O2 -fno-omit-frame-pointer -mno-omit-leaf-frame-pointer -ffile-prefix-map=/home/sumanto/Downloads/nghdl=. -flto=auto -ffat-lto-objects -fstack-protector-strong -fstack-clash-protection -Wformat -Werror=format-security -fcf-protection -fdebug-prefix-map=/home/sumanto/Downloads/nghdl=/usr/src/nghdl-1.0.0-1  -Wdate-time -D_FORTIFY_SOURCE=3  -Wl,-Bsymbolic-functions -flto=auto -ffat-lto-objects -Wl,-z,relro -Wl,-z,now  conftest.cpp  -lsystemc >&5
conftest.cpp:21:10: fatal error: systemc.h: No such file or directory
   21 | #include <systemc.h>
      |          ^~~~~~~~~~~
compilation terminated.
configure:9027: $? = 1
configure: failed program was:
| /* confdefs.h */
| #define PACKAGE_NAME "Verilator"
| #define PACKAGE_TARNAME "verilator"
| #define PACKAGE_VERSION "4.210 2021-07-07"
| #define PACKAGE_STRING "Verilator 4.210 2021-07-07"
| #define PACKAGE_BUGREPORT "https://verilator.org"
| #define PACKAGE_URL "https://verilator.org"
| #define PACKAGE_VERSION_NUMBER_STRING "4.210"
| #define STDC_HEADERS 1
| #define HAVE_SYS_TYPES_H 1
| #define HAVE_SYS_STAT_H 1
| #define HAVE_STDLIB_H 1
| #define HAVE_STRING_H 1
| #define HAVE_MEMORY_H 1
| #define HAVE_STRINGS_H 1
| #define HAVE_INTTYPES_H 1
| #define HAVE_STDINT_H 1
| #define HAVE_UNISTD_H 1
| #define HAVE_STAT_NSEC 1
| /* end confdefs.h.  */
| #include <systemc.h>
|                      extern "C" int sc_main(int argc, char* argv[]) {}
| 
| int
| main ()
| {
| sc_version()
|   ;
|   return 0;
| }
configure:9037: result: no
configure:9156: creating ./config.status

## ---------------------- ##
## Running config.status. ##
## ---------------------- ##

This file was extended by Verilator config.status 4.210 2021-07-07, which was
generated by GNU Autoconf 2.69.  Invocation command line was

  CONFIG_FILES    = 
  CONFIG_HEADERS  = 
  CONFIG_LINKS    = 
  CONFIG_COMMANDS = 
  $ ./config.status 

on fossee-HP-Pavilion-Laptop-14-ec1xxx

config.status:848: creating Makefile
config.status:848: creating src/Makefile
config.status:848: creating src/Makefile_obj
config.status:848: creating include/verilated.mk
config.status:848: creating include/verilated_config.h
config.status:848: creating verilator.pc
config.status:848: creating verilator-config.cmake
config.status:848: creating verilator-config-version.cmake
config.status:848: creating src/config_build.h
config.status:1023: src/config_build.h is unchanged
configure:10329: result: 
configure:10331: result: Now type 'make' (or sometimes 'gmake') to build Verilator.
configure:10333: result: 

## ---------------- ##
## Cache variables. ##
## ---------------- ##

ac_cv_c_compiler_gnu=yes
ac_cv_c_inline=inline
ac_cv_cxx_compiler_gnu=yes
ac_cv_env_CCC_set=
ac_cv_env_CCC_value=
ac_cv_env_CC_set=
ac_cv_env_CC_value=
ac_cv_env_CFLAGS_set=set
ac_cv_env_CFLAGS_value='-g -O2 -fno-omit-frame-pointer -mno-omit-leaf-frame-pointer -ffile-prefix-map=/home/sumanto/Downloads/nghdl=. -flto=auto -ffat-lto-objects -fstack-protector-strong -fstack-clash-protection -Wformat -Werror=format-security -fcf-protection -fdebug-prefix-map=/home/sumanto/Downloads/nghdl=/usr/src/nghdl-1.0.0-1'
ac_cv_env_CPPFLAGS_set=set
ac_cv_env_CPPFLAGS_value='-Wdate-time -D_FORTIFY_SOURCE=3'
ac_cv_env_CXXCPP_set=
ac_cv_env_CXXCPP_value=
ac_cv_env_CXXFLAGS_set=set
ac_cv_env_CXXFLAGS_value='-g -O2 -fno-omit-frame-pointer -mno-omit-leaf-frame-pointer -ffile-prefix-map=/home/sumanto/Downloads/nghdl=. -flto=auto -ffat-lto-objects -fstack-protector-strong -fstack-clash-protection -Wformat -Werror=format-security -fcf-protection -fdebug-prefix-map=/home/sumanto/Downloads/nghdl=/usr/src/nghdl-1.0.0-1'
ac_cv_env_CXX_set=
ac_cv_env_CXX_value=
ac_cv_env_LDFLAGS_set=set
ac_cv_env_LDFLAGS_value='-Wl,-Bsymbolic-functions -flto=auto -ffat-lto-objects -Wl,-z,relro -Wl,-z,now'
ac_cv_env_LIBS_set=
ac_cv_env_LIBS_value=
ac_cv_env_build_alias_set=
ac_cv_env_build_alias_value=
ac_cv_env_host_alias_set=
ac_cv_env_host_alias_value=
ac_cv_env_target_alias_set=
ac_cv_env_target_alias_value=
ac_cv_header_inttypes_h=yes
ac_cv_header_memory_h=yes
ac_cv_header_stdc=yes
ac_cv_header_stdint_h=yes
ac_cv_header_stdlib_h=yes
ac_cv_header_string_h=yes
ac_cv_header_strings_h=yes
ac_cv_header_sys_stat_h=yes
ac_cv_header_sys_types_h=yes
ac_cv_header_unistd_h=yes
ac_cv_member_struct_stat_st_mtim_tv_nsec=yes
ac_cv_objext=o
ac_cv_path_EGREP='/usr/bin/grep -E'
ac_cv_path_GREP=/usr/bin/grep
ac_cv_path_LEX=/usr/bin/flex
ac_cv_path_PERL=/usr/bin/perl
ac_cv_path_PYTHON3=/usr/bin/python3
ac_cv_path_YACC=/usr/bin/bison
ac_cv_path_install='/usr/bin/install -c'
ac_cv_prog_AR=ar
ac_cv_prog_CXXCPP='g++ -E'
ac_cv_prog_ac_ct_CC=gcc
ac_cv_prog_ac_ct_CXX=g++
ac_cv_prog_cc_c89=
ac_cv_prog_cc_g=yes
ac_cv_prog_cxx_g=yes
ac_cv_type_size_t=yes

## ----------------- ##
## Output variables. ##
## ----------------- ##

AR='ar'
CC='gcc'
CFG_CXXFLAGS_DEBUG=' -Og -ggdb -gz'
CFG_CXXFLAGS_NO_UNUSED=' -faligned-new -fcf-protection=none -Wno-bool-operation -Wno-sign-compare -Wno-uninitialized -Wno-unused-but-set-variable -Wno-unused-parameter -Wno-unused-variable -Wno-shadow'
CFG_CXXFLAGS_PARSER=' -Wno-char-subscripts -Wno-unused'
CFG_CXXFLAGS_PROFILE=' -pg'
CFG_CXXFLAGS_SRC=' -faligned-new -Wno-unused-parameter -Wno-shadow'
CFG_CXXFLAGS_STD_NEWEST='-std=gnu++14'
CFG_CXXFLAGS_STD_OLDEST='-std=c++03'
CFG_CXXFLAGS_WEXTRA=' -Wextra -Wfloat-conversion -Wlogical-op'
CFG_CXX_FLAGS_CMAKE='-faligned-new -fbracket-depth=4096 -fcf-protection=none -mno-cet -Qunused-arguments -Wno-bool-operation -Wno-tautological-bitwise-compare -Wno-parentheses-equality -Wno-sign-compare -Wno-uninitialized -Wno-unused-but-set-variable -Wno-unused-parameter -Wno-unused-variable -Wno-shadow'
CFG_LDFLAGS_DEBUG=' -gz'
CFG_LDFLAGS_SRC=' -static-libgcc -static-libstdc++ -Xlinker -gc-sections'
CFG_LDFLAGS_THREADS_CMAKE=' -mt -pthread -lpthread -latomic'
CFG_LDLIBS_THREADS=' -pthread -lpthread -latomic'
CFG_LIBS='  -lpthread'
CFG_WITH_CCWARN='no'
CFG_WITH_DEFENV='yes'
CFG_WITH_LONGTESTS='no'
CFLAGS='-g -O2 -fno-omit-frame-pointer -mno-omit-leaf-frame-pointer -ffile-prefix-map=/home/sumanto/Downloads/nghdl=. -flto=auto -ffat-lto-objects -fstack-protector-strong -fstack-clash-protection -Wformat -Werror=format-security -fcf-protection -fdebug-prefix-map=/home/sumanto/Downloads/nghdl=/usr/src/nghdl-1.0.0-1 '
CPPFLAGS='-Wdate-time -D_FORTIFY_SOURCE=3 '
CXX='g++'
CXXCPP='g++ -E'
CXXFLAGS='-g -O2 -fno-omit-frame-pointer -mno-omit-leaf-frame-pointer -ffile-prefix-map=/home/sumanto/Downloads/nghdl=. -flto=auto -ffat-lto-objects -fstack-protector-strong -fstack-clash-protection -Wformat -Werror=format-security -fcf-protection -fdebug-prefix-map=/home/sumanto/Downloads/nghdl=/usr/src/nghdl-1.0.0-1 '
DEFS='-DHAVE_CONFIG_H'
ECHO_C=''
ECHO_N='-n'
ECHO_T=''
EGREP='/usr/bin/grep -E'
EXEEXT=''
GREP='/usr/bin/grep'
HAVE_SYSTEMC=''
INSTALL_DATA='${INSTALL} -m 644'
INSTALL_PROGRAM='${INSTALL}'
INSTALL_SCRIPT='${INSTALL}'
LDFLAGS='-Wl,-Bsymbolic-functions -flto=auto -ffat-lto-objects -Wl,-z,relro -Wl,-z,now '
LEX='/usr/bin/flex'
LIBOBJS=''
LIBS=''
LTLIBOBJS=''
OBJCACHE=''
OBJEXT='o'
PACKAGE_BUGREPORT='https://verilator.org'
PACKAGE_NAME='Verilator'
PACKAGE_STRING='Verilator 4.210 2021-07-07'
PACKAGE_TARNAME='verilator'
PACKAGE_URL='https://verilator.org'
PACKAGE_VERSION='4.210 2021-07-07'
PACKAGE_VERSION_NUMBER='4.210'
PATH_SEPARATOR=':'
PERL='/usr/bin/perl'
PYTHON3='/usr/bin/python3'
SHELL='/bin/bash'
YACC='/usr/bin/bison'
ac_ct_CC='gcc'
ac_ct_CXX='g++'
bindir='${exec_prefix}/bin'
build_alias=''
datadir='${datarootdir}'
datarootdir='${prefix}/share'
docdir='${datarootdir}/doc/${PACKAGE_TARNAME}'
dvidir='${docdir}'
exec_prefix='${prefix}'
host_alias=''
htmldir='${docdir}'
includedir='${prefix}/include'
infodir='${datarootdir}/info'
libdir='${exec_prefix}/lib'
libexecdir='${exec_prefix}/libexec'
localedir='${datarootdir}/locale'
localstatedir='${prefix}/var'
mandir='${datarootdir}/man'
oldincludedir='/usr/include'
pdfdir='${docdir}'
pkgconfigdir='${datarootdir}/pkgconfig'
pkgdatadir='${datarootdir}/verilator'
prefix='/usr'
program_transform_name='s,x,x,'
psdir='${docdir}'
runstatedir='${localstatedir}/run'
sbindir='${exec_prefix}/sbin'
sharedstatedir='${prefix}/com'
sysconfdir='${prefix}/etc'
target_alias=''

## ----------- ##
## confdefs.h. ##
## ----------- ##

/* confdefs.h */
#define PACKAGE_NAME "Verilator"
#define PACKAGE_TARNAME "verilator"
#define PACKAGE_VERSION "4.210 2021-07-07"
#define PACKAGE_STRING "Verilator 4.210 2021-07-07"
#define PACKAGE_BUGREPORT "https://verilator.org"
#define PACKAGE_URL "https://verilator.org"
#define PACKAGE_VERSION_NUMBER_STRING "4.210"
#define STDC_HEADERS 1
#define HAVE_SYS_TYPES_H 1
#define HAVE_SYS_STAT_H 1
#define HAVE_STDLIB_H 1
#define HAVE_STRING_H 1
#define HAVE_MEMORY_H 1
#define HAVE_STRINGS_H 1
#define HAVE_INTTYPES_H 1
#define HAVE_STDINT_H 1
#define HAVE_UNISTD_H 1
#define HAVE_STAT_NSEC 1

configure: exit 0
